,0,1
433,,2022-05-06 10:07:53
429,"–î–µ–≤—É—à–∫–∏, –∫–æ—Ç–æ—Ä—ã–µ –Ω–µ —Ö–æ—Ç—è—Ç –¥–µ–ª–∞—Ç—å —Ç–∞—Ç—É–∏—Ä–æ–≤–∫—É, –ø–æ—Ç–æ–º—É —á—Ç–æ ¬´—ç—Ç–æ –±–æ–ª—å–Ω–æ, –ø–æ—Ç–æ–º –æ–Ω–∞ –ø–µ—Ä–µ—Å—Ç–∞–Ω–µ—Ç –Ω—Ä–∞–≤–∏—Ç—Å—è –∏ –±—É–¥–µ—Ç –∫—É—á–∞ —Å–æ–∂–∞–ª–µ–Ω–∏–π¬ª - –∑–∞–º—É–∂ –≤—ã —Å —Ç–∞–∫–∏–º –∂–µ –æ–ø—Ç–∏–º–∏–∑–º–æ–º –≤—ã—Ö–æ–¥–∏—Ç—å –±—É–¥–µ—Ç–µ? –ê–Ω–æ–Ω",2022-04-28 10:00:13
428,"14.05 —Å—Ç–∞—Ä—Ç—É–µ—Ç –≤–µ—Å–µ–Ω–Ω–∏–π —Ñ–µ—Å—Ç–∏–≤–∞–ª—å ORLOW FEST!
–•–µ–¥–ª–∞–π–Ω–µ—Ä—ã c–æ–±—ã—Ç–∏—è - –≥—Ä—É–ø–ø–∞ DABRO!
[club42748524|–ü–∞—Ä–∫-–æ—Ç–µ–ª—å ""–û—Ä–ª–æ–≤—Å–∫–∏–π""]
–î–æ—Ä–æ–≥–∏–µ –¥—Ä—É–∑—å—è!
–ü—Ä–∏–≥–ª–∞—à–∞–µ–º –í–∞—Å –ø–æ—Å–µ—Ç–∏—Ç—å –µ–∂–µ–≥–æ–¥–Ω—ã–π —Ñ–µ—Å—Ç–∏–≤–∞–ª—å ¬´ORLOW FEST¬ª!
–ú–µ—Ä–æ–ø—Ä–∏—è—Ç–∏–µ —Å–æ—Å—Ç–æ–∏—Ç—Å—è 14 –º–∞—è —Å 11:00 –¥–æ –ø–æ–∑–¥–Ω–µ–π –Ω–æ—á–∏!

–ù–∞ –≥–ª–∞–≤–Ω–æ–º —Å–æ–±—ã—Ç–∏–∏ —ç—Ç–æ–π –≤–µ—Å–Ω—ã –≤–∞—Å –∂–¥—É—Ç —Ä–∞–∑–≤–ª–µ—á–µ–Ω–∏—è –¥–ª—è –≤–∑—Ä–æ—Å–ª—ã—Ö –∏ –¥–µ—Ç–µ–π —Å –±–æ–ª—å—à–æ–π –∑–æ–Ω–æ–π –§–£–î–ö–û–†–¢–ê –Ω–∞ —Ñ–µ—Å—Ç–∏–≤–∞–ª–µ-–ø–∏–∫–Ω–∏–∫–µ –≤ –ø–∞—Ä–∫-–æ—Ç–µ–ª–µ ¬´–û—Ä–ª–æ–≤—Å–∫–∏–π¬ª!

–§–µ—Å—Ç–∏–≤–∞–ª—å –¥–∞—Å—Ç –≤–æ–∑–º–æ–∂–Ω–æ—Å—Ç—å –≤—Å—Ç—Ä–µ—Ç–∏—Ç—å—Å—è —Å –¥—Ä—É–∑—å—è–º–∏, –ø–æ–∑–∏—Ç–∏–≤–Ω–æ –ø—Ä–æ–≤–µ—Å—Ç–∏ –≤–µ—Å—å –¥–µ–Ω—å –≤–º–µ—Å—Ç–µ, –æ—Ç–≤–µ–¥–∞—Ç—å –≤–∫—É—Å–Ω—ã—Ö –±–ª—é–¥, —Ö–æ—Ä–æ—à–∏—Ö –Ω–∞–ø–∏—Ç–∫–æ–≤ –ø–æ–¥ –æ—Ç–∫—Ä—ã—Ç—ã–º –Ω–µ–±–æ–º.

–¢—Ä–∞–¥–∏—Ü–∏–æ–Ω–Ω–æ –Ω–∞ —Ñ–µ—Å—Ç–∏–≤–∞–ª—è—Ö –≤ –û–†–õ–û–í–°–ö–û–ú —Ä–∞–±–æ—Ç–∞—é—Ç –Ω–µ—Å–∫–æ–ª—å–∫–æ –ø–ª–æ—â–∞–¥–æ–∫ —Å —Ä–∞–∑–Ω–æ–æ–±—Ä–∞–∑–Ω—ã–º–∏ –∞–∫—Ç–∏–≤–Ω–æ—Å—Ç—è–º–∏, –∫–æ–Ω—Ü–µ—Ä—Ç–Ω—ã–º–∏ –ø—Ä–æ–≥—Ä–∞–º–º–∞–º–∏ –∏ —É–≥–æ—â–µ–Ω–∏—è–º–∏!

üé∂–≠—Ç–æ–π –≤–µ—Å–Ω–æ–π —Ö–µ–¥–ª–∞–π–Ω–µ—Ä–∞–º–∏ —Ñ–µ—Å—Ç–∏–≤–∞–ª—è —Å—Ç–∞–Ω–µ—Ç –≥—Ä—É–ø–ø–∞ D–êBROüé∂

–û–¥–Ω–∞ –∏–∑ —Å–∞–º—ã—Ö –¥—É—à–µ–≤–Ω—ã—Ö –∏ –∏—Å–∫—Ä–µ–Ω–Ω–∏—Ö –≥—Ä—É–ø–ø —Å–æ–≤—Ä–µ–º–µ–Ω–Ω–æ—Å—Ç–∏,
–ª–∏–¥–µ—Ä—ã –≤—Å–µ—Ö —Å—Ç—Ä–∏–º–∏–Ω–≥–æ–≤—ã—Ö —Å–µ—Ä–≤–∏—Å–æ–≤, –≤–æ—à–µ–¥—à–∏–µ –≤ —Ç–æ–ø 10 –ø–µ—Å–µ–Ω 2021 –≥–æ–¥–∞.

–ü–µ—Å–Ω–∏ ¬´–Æ–Ω–æ—Å—Ç—å¬ª, ¬´–ù–∞ —á–∞—Å–∞—Ö –Ω–æ–ª—å-–Ω–æ–ª—å¬ª, ¬´–£—Å–ª—ã—à–∏—Ç –≤–µ—Å—å —Ä–∞–π–æ–Ω¬ª, ¬´–ù–∞ –∫—Ä—ã—à–µ¬ª —Å—Ç–∞–ª–∏ —Å–∞–º—ã–º–∏ —Ä–æ—Ç–∏—Ä—É–µ–º—ã–º–∏ –ø–µ—Å–Ω—è–º–∏ –≤ –†–æ—Å—Å–∏–∏.

–ù–æ–º–∏–Ω–∞–Ω—Ç—ã –ø—Ä–µ–º–∏–∏ –ú–£–ó-–¢–í ¬´–ü—Ä–æ—Ä—ã–≤ –≥–æ–¥–∞¬ª. ¬´–ó–æ–ª–æ—Ç–æ–π –ì—Ä–∞–º–º–æ—Ñ–æ–Ω¬ª, ¬´–ù–æ–≤–æ–µ –†–∞–¥–∏–æ Awards¬ª

–ü—Ä–æ—Å—Ç—ã–µ –∏ —Ç–∞–∫–∏–µ –ø–æ–Ω—è—Ç–Ω—ã–µ –∫–∞–∂–¥–æ–º—É —Å–µ—Ä–¥—Ü—É —Ç–µ–º—ã ‚Äì –ª—é–±–æ–≤—å, –ø—Ä–µ–¥–∞–Ω–Ω–æ—Å—Ç—å, –¥—Ä—É–∂–±–∞, –¥–æ–±—Ä–æ!

–ü–æ–¥—Ä–æ–±–Ω–∞—è –ø—Ä–æ–≥—Ä–∞–º–º–∞ —Ñ–µ—Å—Ç–∏–≤–∞–ª—è –∏ –±–∏–ª–µ—Ç—ã —É–∂–µ –Ω–∞ —Å–∞–π—Ç–µ:
www.orlowsky.ru/meropriyatia/orlowfest
üé∂",2022-04-27 13:35:26
427,"–ù–∞–±–ª—é–¥–∞—è, –∫–∞–∫ –≤–æ–¥–∏—Ç–µ–ª–∏ –ø—Ä–æ–ª–µ—Ç–∞—é—Ç –ª–µ–∂–∞—á–∏–µ –ø–æ–ª–∏—Ü–µ–π—Å–∫–∏–µ, –º–æ–π —Ä–µ–±—ë–Ω–æ–∫ –∑–∞–¥—É–º—á–∏–≤–æ:
- –ê –≤–µ–¥—å –ª—É—á—à–µ, –µ—Å–ª–∏ –±—ã –æ–Ω–∏ –±—ã–ª–∏ –≤–Ω—É—Ç—Ä—å, –∫–∞–∫ —è–º—ã, –∞ –Ω–µ –≤—ã–ø—É–∫–ª—ã–µ. –ü–µ—Ä–µ–¥ —è–º–∞–º–∏ —Ç–æ—Ä–º–æ–∑—è—Ç –≤—Å–µ.",2022-04-27 13:13:44
426,"üëø –ò–±–æ –Ω–∞–¥–æ –æ—Ç–∫—Ä—ã–≤–∞—Ç—å –≤–æ—Ä–æ—Ç–∞, –∫–æ–≥–¥–∞ –±–∞—Ä–∏–Ω –∏–¥—ë—Ç
UPD: –∞ –≤–∏–¥–µ–æ —Å—Ç–∞—Ä–æ–µ",2022-04-27 13:01:37
425,"üå°–°–∏—Å—Ç–µ–º—ã —Ç–µ–ø–ª–æ—Å–Ω–∞–±–∂–µ–Ω–∏—è –ú–æ—Å–∫–≤—ã –Ω–∞—á–∞–ª–∏ –≥–æ—Ç–æ–≤–∏—Ç—å –∫ –∑–∞–≤–µ—Ä—à–µ–Ω–∏—é –æ—Ç–æ–ø–∏—Ç–µ–ª—å–Ω–æ–≥–æ —Å–µ–∑–æ–Ω–∞.

–û—Ç–∫–ª—é—á–µ–Ω–∏–µ –æ—Ç–æ–ø–ª–µ–Ω–∏—è –ø—Ä–æ–≤–æ–¥–∏—Ç—Å—è –ø–æ—ç—Ç–∞–ø–Ω–æ –≤ —Ç–µ—á–µ–Ω–∏–µ —Ç—Ä–µ—Ö –¥–Ω–µ–π.",2022-04-26 10:00:42
420,–ò–Ω—Ç–µ—Ä–µ—Å–Ω–æ –±—ã–ª–æ –±—ã –ø—Ä–æ–≤–µ—Å—Ç–∏ –æ–ø—Ä–æ—Å –Ω–∞—Å–µ–ª–µ–Ω–∏—è –Ω–∞ —Ç–µ–º—É: —á—å–∏–º –ø—Ä–æ–≥–Ω–æ–∑–∞–º –≤—ã –¥–æ–≤–µ—Ä—è–µ—Ç–µ –±–æ–ª—å—à–µ: –ì–∏–¥—Ä–æ–º–µ—Ç—Ü–µ–Ω—Ç—Ä–∞ –∏–ª–∏ –¶–µ–Ω—Ç—Ä–æ–±–∞–Ω–∫–∞?,2022-04-20 09:16:12
418,,2022-04-17 14:06:26
414,"–†–∞–Ω—å—à–µ —è –±–æ—è–ª—Å—è, —á—Ç–æ –±—É–¥–µ—Ç 5G, –∞ —Ç–µ–ø–µ—Ä—å –±–æ—é—Å—å, —á—Ç–æ –Ω–µ –±—É–¥–µ—Ç –∏ 3G.",2022-04-15 18:12:23
413,"14.05 —Å—Ç–∞—Ä—Ç—É–µ—Ç –≤–µ—Å–µ–Ω–Ω–∏–π —Ñ–µ—Å—Ç–∏–≤–∞–ª—å ORLOW FEST!
–•–µ–¥–ª–∞–π–Ω–µ—Ä—ã c–æ–±—ã—Ç–∏—è - –≥—Ä—É–ø–ø–∞ DABRO!
[club42748524|–ü–∞—Ä–∫-–æ—Ç–µ–ª—å ""–û—Ä–ª–æ–≤—Å–∫–∏–π""]
–î–æ—Ä–æ–≥–∏–µ –¥—Ä—É–∑—å—è!
–ü—Ä–∏–≥–ª–∞—à–∞–µ–º –í–∞—Å –ø–æ—Å–µ—Ç–∏—Ç—å –µ–∂–µ–≥–æ–¥–Ω—ã–π —Ñ–µ—Å—Ç–∏–≤–∞–ª—å ¬´ORLOW FEST¬ª!
–ú–µ—Ä–æ–ø—Ä–∏—è—Ç–∏–µ —Å–æ—Å—Ç–æ–∏—Ç—Å—è 14 –º–∞—è —Å 11:00 –¥–æ –ø–æ–∑–¥–Ω–µ–π –Ω–æ—á–∏!

–ù–∞ –≥–ª–∞–≤–Ω–æ–º —Å–æ–±—ã—Ç–∏–∏ —ç—Ç–æ–π –≤–µ—Å–Ω—ã –≤–∞—Å –∂–¥—É—Ç —Ä–∞–∑–≤–ª–µ—á–µ–Ω–∏—è –¥–ª—è –≤–∑—Ä–æ—Å–ª—ã—Ö –∏ –¥–µ—Ç–µ–π —Å –±–æ–ª—å—à–æ–π –∑–æ–Ω–æ–π –§–£–î–ö–û–†–¢–ê –Ω–∞ —Ñ–µ—Å—Ç–∏–≤–∞–ª–µ-–ø–∏–∫–Ω–∏–∫–µ –≤ –ø–∞—Ä–∫-–æ—Ç–µ–ª–µ ¬´–û—Ä–ª–æ–≤—Å–∫–∏–π¬ª!

–§–µ—Å—Ç–∏–≤–∞–ª—å –¥–∞—Å—Ç –≤–æ–∑–º–æ–∂–Ω–æ—Å—Ç—å –≤—Å—Ç—Ä–µ—Ç–∏—Ç—å—Å—è —Å –¥—Ä—É–∑—å—è–º–∏, –ø–æ–∑–∏—Ç–∏–≤–Ω–æ –ø—Ä–æ–≤–µ—Å—Ç–∏ –≤–µ—Å—å –¥–µ–Ω—å –≤–º–µ—Å—Ç–µ, –æ—Ç–≤–µ–¥–∞—Ç—å –≤–∫—É—Å–Ω—ã—Ö –±–ª—é–¥, —Ö–æ—Ä–æ—à–∏—Ö –Ω–∞–ø–∏—Ç–∫–æ–≤ –ø–æ–¥ –æ—Ç–∫—Ä—ã—Ç—ã–º –Ω–µ–±–æ–º.

–¢—Ä–∞–¥–∏—Ü–∏–æ–Ω–Ω–æ –Ω–∞ —Ñ–µ—Å—Ç–∏–≤–∞–ª—è—Ö –≤ –û–†–õ–û–í–°–ö–û–ú —Ä–∞–±–æ—Ç–∞—é—Ç –Ω–µ—Å–∫–æ–ª—å–∫–æ –ø–ª–æ—â–∞–¥–æ–∫ —Å —Ä–∞–∑–Ω–æ–æ–±—Ä–∞–∑–Ω—ã–º–∏ –∞–∫—Ç–∏–≤–Ω–æ—Å—Ç—è–º–∏, –∫–æ–Ω—Ü–µ—Ä—Ç–Ω—ã–º–∏ –ø—Ä–æ–≥—Ä–∞–º–º–∞–º–∏ –∏ —É–≥–æ—â–µ–Ω–∏—è–º–∏!

üé∂–≠—Ç–æ–π –≤–µ—Å–Ω–æ–π —Ö–µ–¥–ª–∞–π–Ω–µ—Ä–∞–º–∏ —Ñ–µ—Å—Ç–∏–≤–∞–ª—è —Å—Ç–∞–Ω–µ—Ç –≥—Ä—É–ø–ø–∞ D–êBROüé∂

–û–¥–Ω–∞ –∏–∑ —Å–∞–º—ã—Ö –¥—É—à–µ–≤–Ω—ã—Ö –∏ –∏—Å–∫—Ä–µ–Ω–Ω–∏—Ö –≥—Ä—É–ø–ø —Å–æ–≤—Ä–µ–º–µ–Ω–Ω–æ—Å—Ç–∏,
–ª–∏–¥–µ—Ä—ã –≤—Å–µ—Ö —Å—Ç—Ä–∏–º–∏–Ω–≥–æ–≤—ã—Ö —Å–µ—Ä–≤–∏—Å–æ–≤, –≤–æ—à–µ–¥—à–∏–µ –≤ —Ç–æ–ø 10 –ø–µ—Å–µ–Ω 2021 –≥–æ–¥–∞.

–ü–µ—Å–Ω–∏ ¬´–Æ–Ω–æ—Å—Ç—å¬ª, ¬´–ù–∞ —á–∞—Å–∞—Ö –Ω–æ–ª—å-–Ω–æ–ª—å¬ª, ¬´–£—Å–ª—ã—à–∏—Ç –≤–µ—Å—å —Ä–∞–π–æ–Ω¬ª, ¬´–ù–∞ –∫—Ä—ã—à–µ¬ª —Å—Ç–∞–ª–∏ —Å–∞–º—ã–º–∏ —Ä–æ—Ç–∏—Ä—É–µ–º—ã–º–∏ –ø–µ—Å–Ω—è–º–∏ –≤ –†–æ—Å—Å–∏–∏.

–ù–æ–º–∏–Ω–∞–Ω—Ç—ã –ø—Ä–µ–º–∏–∏ –ú–£–ó-–¢–í ¬´–ü—Ä–æ—Ä—ã–≤ –≥–æ–¥–∞¬ª. ¬´–ó–æ–ª–æ—Ç–æ–π –ì—Ä–∞–º–º–æ—Ñ–æ–Ω¬ª, ¬´–ù–æ–≤–æ–µ –†–∞–¥–∏–æ Awards¬ª

–ü—Ä–æ—Å—Ç—ã–µ –∏ —Ç–∞–∫–∏–µ –ø–æ–Ω—è—Ç–Ω—ã–µ –∫–∞–∂–¥–æ–º—É —Å–µ—Ä–¥—Ü—É —Ç–µ–º—ã ‚Äì –ª—é–±–æ–≤—å, –ø—Ä–µ–¥–∞–Ω–Ω–æ—Å—Ç—å, –¥—Ä—É–∂–±–∞, –¥–æ–±—Ä–æ!

–ü–æ–¥—Ä–æ–±–Ω–∞—è –ø—Ä–æ–≥—Ä–∞–º–º–∞ —Ñ–µ—Å—Ç–∏–≤–∞–ª—è –∏ –±–∏–ª–µ—Ç—ã —É–∂–µ –Ω–∞ —Å–∞–π—Ç–µ:
https://www.orlowsky.ru/meropriyatia/orlowfest
üé∂",2022-04-15 12:05:02
412,"–£ –∂–µ–Ω—ã –ª—é–±–æ–≤–Ω–∏–∫. –ù–æ –≤–æ—Ç –Ω–µ –∑–Ω–∞—é –∫—Ç–æ –ø–æ—Ç–æ–º—É, —á—Ç–æ –æ–Ω–∏ —Å–∫—Ä—ã–≤–∞—é—Ç. –ü—Ä–æ—Å—Ç–æ —á—É–≤—Å—Ç–≤—É—é —ç—Ç–æ. –°–∏–ª—å–Ω–æ –∏–∑–º–µ–Ω–∏–ª–∞ –≤ –ø–æ–≤–µ–¥–µ–Ω–∏–∏ –∏ –º–∞–∫—Å–∏–º–∞–ª—å–Ω–æ –æ—Ç–¥–∞–ª–∏–ª–∞—Å—å –æ—Ç –º–µ–Ω—è. –ù–µ —Ö–æ—á—É –Ω—ã—Ç—å —Ç—É—Ç, –ø—Ä–æ—Å—Ç–æ —Ö–æ—á—É —Å–ø—Ä–æ—Å–∏—Ç—å. –î–µ–≤–æ—á–∫–∏, —Å–∫–∞–∂–∏—Ç–µ. –ü–æ—á–µ–º—É –Ω–µ–ª—å–∑—è –ø—Ä–∏–∑–Ω–∞—Ç—å—Å—è —Å—Ä–∞–∑—É, –µ—Å–ª–∏ —Ä–∞–∑–ª—é–±–∏–ª–∞? –ó–∞—á–µ–º –æ—Ç–∫—Ä–æ–≤–µ–Ω–Ω–æ –±–ª*–¥–æ–≤–∞—Ç—å –ø—Ä–∏ –∂–∏–≤–æ–º –º—É–∂–µ? –ê–Ω–æ–Ω–∏–º–Ω–æ",2022-04-15 12:04:46
411,"–í –†–æ—Å—Å–∏–∏ –ø—Ä–∏—à–ª–æ—Å—å –æ—Ç–ª–æ–∂–∏—Ç—å –∏—Å–ø–æ–ª—å–∑–æ–≤–∞–Ω–∏–µ –Ω–æ–≤–æ–π –Ω–∞–∑–∞–ª—å–Ω–æ–π –≤–∞–∫—Ü–∏–Ω—ã –æ—Ç –∫–æ—Ä–æ–Ω–∞–≤–∏—Ä—É—Å–∞, –∫–æ—Ç–æ—Ä—É—é –≤ —Å–≤–æ–µ –≤—Ä–µ–º—è –∏—Å–ø—ã—Ç—ã–≤–∞–ª –¥–∞–∂–µ –ø—Ä–µ–∑–∏–¥–µ–Ω—Ç –†–§ –í–ª–∞–¥–∏–º–∏—Ä –ü—É—Ç–∏–Ω. –ö–∞–∫ –æ–±—ä—è—Å–Ω–∏–ª –≥–ª–∞–≤–∞ —Ü–µ–Ω—Ç—Ä–∞ –∏–º–µ–Ω–∏ –ì–∞–º–∞–ª–µ–∏ –ú–∏–Ω–∑–¥—Ä–∞–≤–∞ –†–æ—Å—Å–∏–∏ –ê–ª–µ–∫—Å–∞–Ω–¥—Ä –ì–∏–Ω—Ü–±—É—Ä–≥, –≤–Ω–µ–∑–∞–ø–Ω–æ –æ–±–Ω–∞—Ä—É–∂–∏–ª—Å—è –¥–µ—Ñ–∏—Ü–∏—Ç –Ω–∞—Å–∞–¥–æ–∫ –¥–ª—è —Ä–∞—Å–ø—ã–ª–µ–Ω–∏—è –≤ –Ω–æ—Å—É.",2022-04-15 12:04:36
410,"–ê–ª–ª–µ—Ä–≥–∏–∫–∏! –ö–∞–∫ –∏ —á–µ–º —Å–ø—Ä–∞–≤–ª—è–µ—Ç–µ—Å—å —Å —Å–µ–∑–æ–Ω–∫–æ–π? –Ø —á—É–≤—Å—Ç–≤—É—é, —á—Ç–æ –≤ —ç—Ç–æ—Ç —Ä–∞–∑ —Å–∏–ª—å–Ω–µ–µ –∏ –º–Ω–µ –º–æ–∏ –ø—Ä–µ–ø–∞—Ä–∞—Ç—ã –Ω–µ –ø–æ–º–æ–≥–∞—é—Ç. –ê–Ω–æ–Ω–∏–º–Ω–æ, –ø—Ä–æ—á—Ç—É –≤—Å–µ –≤ –∫–æ–º–µ–Ω—Ç–∞—Ö",2022-04-15 12:04:05
407,"–°–æ–≤—Å–µ–º —Å–∫–æ—Ä–æ –Ω–∞—Å—Ç—É–ø–∏—Ç —Å–≤–µ—Ç–ª—ã–π –ø—Ä–∞–∑–¥–Ω–∏–∫ –ü–∞—Å—Ö–∞. –û–¥–Ω–∏–º –∏–∑ –≥–ª–∞–≤–Ω—ã—Ö —Å–∏–º–≤–æ–ª–æ–≤ –¥–∞–Ω–Ω–æ–≥–æ —Ç–æ—Ä–∂–µ—Å—Ç–≤–∞ —è–≤–ª—è–µ—Ç—Å—è –∫—É–ª–∏—á üòã 
 
–ü—Ä–∏–≥–ª–∞—à–∞–µ–º –í–∞—Å –Ω–∞ –¥–µ–≥—É—Å—Ç–∞—Ü–∏—é –∫—É–ª–∏—á–µ–π –æ—Ç ""–ù–∞—Ä–æ–¥–Ω–æ–≥–æ –∫–æ–Ω–¥–∏—Ç–µ—Ä–∞"", –∫–æ—Ç–æ—Ä–∞—è –ø—Ä–æ–π–¥—ë—Ç 16 –∞–ø—Ä–µ–ª—è –≤ 13:00 –ø–æ –∞–¥—Ä–µ—Å—É: 
üìç–≥. –ú–æ—Å–∫–≤–∞, —É–ª. –ê–º—É–Ω–¥—Å–µ–Ω–∞, –¥–æ–º 14 
üïê–ì—Ä–∞—Ñ–∏–∫ —Ä–∞–±–æ—Ç—ã –º–∞–≥–∞–∑–∏–Ω–∞: —Å 9:00 –¥–æ 21:00 
 
–í —Å–æ—Å—Ç–∞–≤–µ –∫—É–ª–∏—á–∞ –∏—Å–ø–æ–ª—å–∑—É–µ–º –Ω–∞—Å—Ç–æ—è—â–∏–π —Ç–≤–æ—Ä–æ–≥ –ì–û–°–¢ –∏ —Å–ª–∏–≤–æ—á–Ω–æ–µ –º–∞—Å–ª–æ –ì–û–°–¢ –±–µ–∑ –∑–∞–º–µ–Ω–∏—Ç–µ–ª–µ–π –º–æ–ª–æ—á–Ω–æ–≥–æ –∂–∏—Ä–∞, –∞—Ä–æ–º–∞—Ç–Ω—É—é —Ü–µ–¥—Ä—É –ª–∞–π–º–∞ –∏ –ª–∏–º–æ–Ω–∞. –ù–∞—à–∏ –∫—É–ª–∏—á–∏ –≤–æ–∑–¥—É—à–Ω—ã–µ, –±–µ–∑ –∏—Å–ø–æ–ª—å–∑–æ–≤–∞–Ω–∏—è –¥—Ä–æ–∂–∂–µ–π, —É–∫—Ä–∞—à–µ–Ω—ã –∞–≤—Ç–æ—Ä—Å–∫–æ–π –ø–æ–º–∞–¥–∫–æ–π! üòç 
 
–ö—Ä–æ–º–µ —Ç–æ–≥–æ, –≤ –Ω–∞—à–µ–º –∞—Å—Å–æ—Ä—Ç–∏–º–µ–Ω—Ç–µ –±–æ–ª—å—à–æ–π –≤—ã–±–æ—Ä –≤–∫—É—Å–Ω—ã—Ö —Ç–æ—Ä—Ç–æ–≤ –∏ –¥–µ—Å–µ—Ä—Ç–æ–≤, –¥–æ–º–∞—à–Ω–∏—Ö –ø–µ–ª—å–º–µ–Ω–µ–π –∏ –≤–∞—Ä–µ–Ω–∏–∫–æ–≤, –∫–æ—Ç–æ—Ä—ã–µ –Ω–∏–∫–æ–≥–æ –Ω–µ –æ—Å—Ç–∞–≤—è—Ç —Ä–∞–≤–Ω–æ–¥—É—à–Ω—ã–º–∏ ‚ú®üíû 
 
https://vk.com/narodny_konditer",2022-04-14 15:08:16
406,"–ó–¥—Ä–∞–≤—Å—Ç–≤—É–π—Ç–µ –î—Ä—É–∑—å—è,–ú–æ—Å–∫–≤–∏—á–∏,–∂–∏—Ç–µ–ª–∏ —Ä–∞–π–æ–Ω–∞ –°–≤–∏–±–ª–æ–≤–æ,–î—É–º–∞—é —á—Ç–æ —Å–∫–æ—Ä–µ–µ –≤—Å–µ–≥–æ –≤—ã —Å–º–æ–∂–µ—Ç–µ –º–Ω–µ –ø–æ–º–æ—á—å. 
–í–æ–ø—Ä–æ—Å –≤ —Å–ª–µ–¥—É—é—â–µ–º.–Ø –∏ –º–æ–π –∑–Ω–∞–∫–æ–º—ã–π,–ê–ª–µ–∫—Å–∞–Ω–¥—Ä –ñ–∏—Ä–Ω–æ–≤,–∏—â–µ–º –µ–≥–æ –¥–≤–æ—é—Ä–æ–¥–Ω–æ–≥–æ(—Å–≤–æ–¥–Ω–æ–≥–æ) –±—Ä–∞—Ç–∞ –ø–æ –æ—Ç—Ü—É 
–¢—Ä–∏—Ñ–æ–Ω–æ–≤–∞ –ò–≤–∞–Ω–∞ –ê–Ω–∞—Ç–æ–ª—å–µ–≤–∏—á–∞ (–ø–æ –≤–æ–∑—Ä–∞—Å—Ç—É –µ–º—É –ø—Ä–∏–º–µ—Ä–Ω–æ 45-47 –ª–µ—Ç –Ω–∞ —Å–µ–π—á–∞—Å) –ø—Ä–æ–∂–∏–≤–∞–ª –≤ –°–≤–∏–±–ª–æ–≤–æ –Ω–∞ —É–ª.–ê–π–≤–∞–∑–æ–≤—Å–∫–æ–≥–æ 
—Å —Ä–æ–¥–∏—Ç–µ–ª—è–º–∏,–æ—Ç—Ü–∞ –ò–≤–∞–Ω–∞ –∑–≤–∞–ª–∏ –¢—Ä–∏—Ñ–æ–Ω–æ–≤ –ê–Ω–∞—Ç–æ–ª–∏–π –ò–≤–∞–Ω–æ–≤–∏—á(–ï–º—É —É–∂–µ –∑–∞ 70 –ª–µ—Ç –Ω–∞ —Å–µ–π—á–∞—Å –¥–æ–ª–∂–Ω–æ –±—ã—Ç—å) 
—É –ê–Ω–∞—Ç–æ–ª–∏—è –ò–≤–∞–Ω–æ–≤–∏—á–∞,–ø–∞–ø—ã –ò–≤–∞–Ω–∞ –ê–Ω–∞—Ç–æ–ª—å–µ–≤–∏—á–∞, –±—ã–ª –∞–≤—Ç–æ–º–æ–±–∏–ª—å ""–ñ–∏–≥—É–ª–∏"" —Å–µ–¥–∞–Ω,–±–µ–ª–æ–≥–æ —Ü–≤–µ—Ç–∞.–î–µ–¥–∞,—Ç–æ–µ—Å—Ç—å –æ—Ç—Ü–∞ –ê–Ω–∞—Ç–æ–ª–∏—è –ò–≤–∞–Ω–æ–≤–∏—á–∞ –¢—Ä–∏—Ñ–æ–Ω–æ–≤–∞ 
–∑–≤–∞–ª–∏ –¢—Ä–∏—Ñ–æ–Ω–æ–≤ –ò–≤–∞–Ω –¢–∏–º–æ—Ñ–µ–µ–≤–∏—á 1920 –≥.—Ä. —Ñ—Ä–æ–Ω—Ç–æ–≤–∏–∫.–î–µ–¥ –±—ã–ª –Ω–µ—Å–∫–æ–ª—å–∫–æ —Ä–∞–∑ –≤ –±—Ä–∞–∫–µ,–ø–æ—ç—Ç–æ–º—É —Ñ–∞–º–∏–ª–∏–∏ —É –Ω–∏—Ö —Ä–∞–∑–Ω—ã–µ,–ø–æ –ú–∞–º–∞–º. 
–°–≤—è–∑—å –ø—Ä–æ–ø–∞–ª–∞ –≤ –∫–æ–Ω—Ü–µ 90—Ö –≥–æ–¥–æ–≤ –∏ –æ –Ω–∏—Ö –Ω–∏—á–µ–≥–æ –Ω–µ –∏–∑–≤–µ—Å—Ç–Ω–æ.–ö—Ç–æ –º–µ—Å—Ç–Ω—ã–π,–∫–æ—Ä–µ–Ω–Ω–æ–π –∏–∑ –°–≤–∏–±–ª–æ–≤–æ,–º–æ–∂–µ—Ç –∫—Ç–æ —Ç–æ –±—ã–ª –∑–Ω–∞–∫–æ–º —Å –ò–≤–∞–Ω–æ–º –ê–Ω–∞—Ç–æ–ª—å–µ–≤–∏—á–µ–º, 
–≤–º–µ—Å—Ç–µ —É—á–∏–ª–∏—Å—å –≤ —à–∫–æ–ª–µ,–∏–Ω—Å—Ç–∏—Ç—É—Ç–µ,–±—ã–ª–∏ –∑–Ω–∞–∫–æ–º—ã–º–∏ –∏–ª–∏ —Å–æ—Å–µ–¥—è–º–∏,–≤—Ä–∞—â–∞–ª–∏—Å—å –≤ –æ–±—â–∏—Ö –∫–æ–º–ø–∞–Ω–∏—è—Ö.–¢–∞–∫–∂–µ –≤–µ—Ä–æ—è—Ç–Ω–æ —É –Ω–µ–≥–æ –∏ —É —Å–∞–º–æ–≥–æ –µ—Å—Ç—å —Å—É–ø—Ä—É–≥–∞ –∏ –¥–µ—Ç–∏, 
–≤–æ–∑–º–æ–∂–Ω–æ –≤—ã –∑–Ω–∞–µ—Ç–µ –µ—Å–ª–∏ –Ω–µ —Å–∞–º–æ–≥–æ –ò–≤–∞–Ω–∞ –ê–Ω–∞—Ç–æ–ª—å–µ–≤–∏—á–∞, —Ç–æ —Å—É–ø—Ä—É–≥—É –∏–ª–∏ –¥–µ—Ç–µ–π.–ë—É–¥–µ–º –±–ª–∞–≥–æ–¥–∞—Ä–Ω—ã –∑–∞ –ª—é–±—É—é –∏–Ω—Ñ–æ—Ä–º–∞—Ü–∏—é –ø–æ –¥–∞–Ω–Ω–æ–º—É –≤–æ–ø—Ä–æ—Å—É. 
–° –≥–ª—É–±–æ–∫–∏–º –ø–æ–Ω–∏–º–∞–Ω–∏–µ–º –∏ —É–≤–∞–∂–µ–Ω–∏–µ–º –î–º–∏—Ç—Ä–∏–π –∏ –ê–ª–µ–∫—Å–∞–Ω–¥—Ä.–ü–∏—à–∏—Ç–µ –≤ –ª—é–±–æ–µ –≤—Ä–µ–º—è –≤ –ª–∏—á–Ω—ã–µ —Å–æ–æ–±—â–µ–Ω–∏—è.–í—Å–µ—Ö –≤–∞–º –±–ª–∞–≥,–≤ –±—ã—Ç—É –∏ —Ç—Ä—É–¥–µ.",2022-04-14 15:07:51
404,"–û–¥–Ω–∞–∂–¥—ã —Ç—ã –Ω–∞–π–¥–µ—à—å –≤ –∫–∞—Ä–º–∞–Ω–µ —Å—Ç–∞—Ä–æ–≥–æ –ø—É—Ö–æ–≤–∏–∫–∞ —Å–º—è—Ç—É—é –æ–¥–Ω–æ—Ä–∞–∑–æ–≤—É—é –º–∞—Å–∫—É. –ò –Ω–æ—Å—Ç–∞–ª—å–≥–∏—á–µ—Å–∫–∏ —É–ª—ã–±–Ω–µ—à—å—Å—è, –ø–æ–ø—Ä–∞–≤–ª—è—è –±—Ä–æ–Ω–µ–∂–∏–ª–µ—Ç.",2022-04-07 12:15:15
402,,2022-04-04 13:23:11
397,–ü–æ–¥–ø–∏—Å—ã–≤–∞–π—Ç–µ—Å—å –Ω–∞ —Ç–µ–ª–µ–≥—Ä–∞–º-–∫–∞–Ω–∞–ª –ú–æ—Å–∫–≤—ã! üôÇ t.me/omoskva ‚úÖ,2022-03-28 14:08:48
396,"–¢–∞–∫ –∫–∞–∫ –±—É–¥—É—â–µ–≥–æ —É –Ω–∞—Å —Ç–µ–ø–µ—Ä—å –Ω–µ—Ç, —Ç–æ —Ç–µ–ø–µ—Ä—å —Å–ø–æ–∫–æ–π–Ω–æ –º–æ–∂–Ω–æ –∂–∏—Ç—å –≤ –Ω–∞—Å—Ç–æ—è—â–µ–º.",2022-03-25 09:18:17
394,,2022-03-24 15:04:35
393,"–í–æ—Ç –≤—ã—Ö–æ–¥–∏—à—å —Ç—ã –∏–∑ —Å–≤–æ–µ–≥–æ –¥–æ–º–∞, –≥–¥–µ 50 –ø–∞—á–µ–∫ —Å–∞—Ö–∞—Ä–∞ –∏ –ø–æ–ª –±–∞–ª–∫–æ–Ω–∞ –≥—Ä–µ—á–∫–∏ –∏ –ø—Ä–∏—Ö–æ–¥–∏—à—å –≤ –º–∞–≥–∞–∑–∏–Ω, –≥–¥–µ 50 —Ç–æ–Ω–Ω –≥—Ä–µ—á–∫–∏ –∏ –¥–æ –ø–æ—Ç–æ–ª–∫–∞ —Å–∞—Ö–∞—Ä–∞ –∏ –ø—ã—Ç–∞–µ—à—å—Å—è —Å–µ–±—è —É—â–∏–ø–Ω—É—Ç—å: —ç—Ç–æ —Ç–∞–∫–æ–π —Å–±–æ–π –º–∞—Ç—Ä–∏—Ü—ã –∏–ª–∏ —Ç—ã –ø—Ä–æ—Å—Ç–æ –¥—É—Ä–∞–∫? –ê–Ω–æ–Ω",2022-03-23 11:14:52
392,"–î–µ—Ñ–∏—Ü–∏—Ç–∞ –∫–∞—Ä—Ç ¬´–¢—Ä–æ–π–∫–∞¬ª –Ω–µ –±—É–¥–µ—Ç: –∏—Ö —Ö–≤–∞—Ç–∞–µ—Ç –Ω–∞ —Å–∫–ª–∞–¥–µ, –∞ —Å–∫–æ—Ä–æ –µ—â–µ –æ—Å–Ω–∞—Å—Ç—è—Ç —Ä–æ—Å—Å–∏–π—Å–∫–∏–º —á–∏–ø–æ–º

–°–µ–π—á–∞—Å —Ä–æ—Å—Å–∏–π—Å–∫–∏–π —á–∏–ø –ø—Ä–æ—Ö–æ–¥–∏—Ç —Ñ–∏–Ω–∞–ª—å–Ω–æ–µ —Ç–µ—Å—Ç–∏—Ä–æ–≤–∞–Ω–∏–µ –ø–µ—Ä–µ–¥ –≤—ã–ø—É—Å–∫–æ–º –≤ –º–∞—Å—à—Ç–∞–±–Ω–æ–µ –ø—Ä–æ–∏–∑–≤–æ–¥—Å—Ç–≤–æ. –ü–µ—Ä–µ—Ö–æ–¥ –Ω–∞ –Ω–æ–≤—ã–π —á–∏–ø –Ω–∏–∫–∞–∫ –Ω–µ —Å–∫–∞–∂–µ—Ç—Å—è –Ω–∞ —Ñ—É–Ω–∫—Ü–∏–æ–Ω–∞–ª–µ –∫–∞—Ä—Ç—ã ‚Äî –ø–∞—Å—Å–∞–∂–∏—Ä—ã —Å–º–æ–≥—É—Ç –∏—Å–ø–æ–ª—å–∑–æ–≤–∞—Ç—å –≤—Å–µ –≤–æ–∑–º–æ–∂–Ω–æ—Å—Ç–∏ ¬´–¢—Ä–æ–π–∫–∏¬ª, –∫–∞–∫ –∏ —Ä–∞–Ω—å—à–µ, –∞ –≤–æ–∑–º–æ–∂–Ω–æ—Å—Ç–∏ –¥–æ–±–∞–≤–ª—è—Ç—å –Ω–æ–≤—ã–µ —É—Å–ª—É–≥–∏ –∏ —Å–µ—Ä–≤–∏—Å—ã ‚Äî —Ç–æ–ª—å–∫–æ —É–≤–µ–ª–∏—á–∞—Ç—Å—è.

–ù–∞—á–∞–ª—å–Ω–∏–∫ —Å—Ç–æ–ª–∏—á–Ω–æ–≥–æ –î–µ–ø–∞—Ä—Ç–∞–º–µ–Ω—Ç–∞ —Ç—Ä–∞–Ω—Å–ø–æ—Ä—Ç–∞ –ú–∞–∫—Å–∏–º –õ–∏–∫—Å—É—Ç–æ–≤ —Ç–∞–∫–∂–µ –ø—Ä–µ–¥–ª–∞–≥–∞–µ—Ç —á–∞—â–µ –ø–æ–ª—å–∑–æ–≤–∞—Ç—å—Å—è —Å–∞–º—ã–º –∫–æ–º—Ñ–æ—Ä—Ç–Ω—ã–º –∏ –∏–Ω–Ω–æ–≤–∞—Ü–∏–æ–Ω–Ω—ã–º —Å–ø–æ—Å–æ–±–æ–º –æ–ø–ª–∞—Ç—ã Face Pay, –∫–æ—Ç–æ—Ä—ã–º –ø–æ–ª—å–∑—É—é—Ç—Å—è —Å–æ—Ç—Ä—É–¥–Ω–∏–∫–∏ —Ç—Ä–∞–Ω—Å–ø–æ—Ä—Ç–Ω–æ–≥–æ –∫–æ–º–ø–ª–µ–∫—Å–∞, –∞ —Å–∫–æ—Ä–æ –æ–Ω –º–æ–∂–µ—Ç –ø–æ—è–≤–∏—Ç—å—Å—è –∏ –≤ –Ω–∞–∑–µ–º–Ω–æ–º —Ç—Ä–∞–Ω—Å–ø–æ—Ä—Ç–µ.

¬´–ú—ã –≤—ã–ø–æ–ª–Ω—è–µ–º –∑–∞–¥–∞—á—É, –ø–æ—Å—Ç–∞–≤–ª–µ–Ω–Ω—É—é –ü—Ä–µ–∑–∏–¥–µ–Ω—Ç–æ–º –†–§ –≤ —Ä–∞–º–∫–∞—Ö –ù–∞—Ü–ø—Ä–æ–µ–∫—Ç–∞ ¬´–¶–∏—Ñ—Ä–æ–≤–∞—è —ç–∫–æ–Ω–æ–º–∏–∫–∞¬ª, ‚Äî –≤–Ω–µ–¥—Ä—è–µ–º —Ä–æ—Å—Å–∏–π—Å–∫–∏–µ —Ç–µ—Ö–Ω–æ–ª–æ–≥–∏–∏ –≤ –¢—Ä–∞–Ω—Å–ø–æ—Ä—Ç–Ω—ã–π –∫–æ–º–ø–ª–µ–∫—Å –ú–æ—Å–∫–≤—ã. –ï—â—ë –≤ 2018 –≥–æ–¥—É –≤ —Ä–∞–º–∫–∞—Ö —Å—Ç—Ä–∞—Ç–µ–≥–∏—á–µ—Å–∫–æ–≥–æ –∞–ª—å—è–Ω—Å–∞ –ì–£–ü ¬´–ú–æ—Å–∫–æ–≤—Å–∫–∏–π –ú–µ—Ç—Ä–æ–ø–æ–ª–∏—Ç–µ–Ω¬ª –∏ –ü–ê–û ¬´–ú–∏–∫—Ä–æ–Ω¬ª –º—ã —Å–æ–∑–¥–∞–ª–∏ —Å–æ–≤–º–µ—Å—Ç–Ω–æ–µ –ø—Ä–µ–¥–ø—Ä–∏—è—Ç–∏–µ –Ω–∞ –±–∞–∑–µ –û–û–û ¬´–ú–∏–∫—Ä–æ–Ω –°–µ–∫—å—é—Ä–∏—Ç–∏ –ü—Ä–∏–Ω—Ç–∏–Ω–≥¬ª ‚Äî —Ü–µ–Ω—Ç—Ä–∞ –∫–æ–º–ø–µ—Ç–µ–Ω—Ü–∏–π –ø–æ —Ç—Ä–∞–Ω—Å–ø–æ—Ä—Ç–Ω—ã–º –ø—Ä–æ–µ–∫—Ç–∞–º –ì–ö –ú–∏–∫—Ä–æ–Ω. –ï—â–µ —Ç—Ä–∏ –≥–æ–¥–∞ –Ω–∞–∑–∞–¥ –º—ã –Ω–∞—á–∞–ª–∏ –≥–æ—Ç–æ–≤–∏—Ç—å —Ä–æ—Å—Å–∏–π—Å–∫–∏–π —á–∏–ø –¥–ª—è –Ω–∞—à–µ–π –∫–∞—Ä—Ç—ã ¬´–¢—Ä–æ–π–∫–∞¬ª. –°–µ–π—á–∞—Å —ç—Ç–∞ —Ç–µ—Ö–Ω–æ–ª–æ–≥–∏—è –ø—Ä–æ—Ö–æ–¥–∏—Ç —Ñ–∏–Ω–∞–ª—å–Ω–æ–µ —Ç–µ—Å—Ç–∏—Ä–æ–≤–∞–Ω–∏–µ –ø—Ä–æ–∏–∑–≤–æ–¥–∏—Ç–µ–ª–µ–º –ø–µ—Ä–µ–¥ –≤—ã–ø—É—Å–∫–æ–º –≤ –º–∞—Å—à—Ç–∞–±–Ω–æ–µ –ø—Ä–æ–∏–∑–≤–æ–¥—Å—Ç–≤–æ. –ó–∞–∫—É–ø–∫—É –Ω–æ–≤—ã—Ö —á–∏–ø–æ–≤ —É –Ω–∞—à–µ–≥–æ —Ä–æ—Å—Å–∏–π—Å–∫–æ–≥–æ –ø—Ä–æ–∏–∑–≤–æ–¥–∏—Ç–µ–ª—è –û–û–û ¬´–ú–°–ü¬ª –º—ã –ø—Ä–æ–≤–µ–¥–µ–º –¥–æ–ø–æ–ª–Ω–∏—Ç–µ–ª—å–Ω–æ, –∞ –∫–æ–Ω—Ç—Ä–∞–∫—Ç –Ω–∞ –Ω–∞—à–µ –≤–∑–∞–∏–º–æ–¥–µ–π—Å—Ç–≤–∏–µ –±—É–¥–µ—Ç –ø—Ä–æ–¥–ª–µ–Ω –Ω–∞ 5 –ª–µ—Ç –≤ —Ä–∞–º–∫–∞—Ö —Ä–µ—à–µ–Ω–∏—è –®—Ç–∞–±–∞ —É –ú—ç—Ä–∞ –ú–æ—Å–∫–≤—ã ‚Äî –°.–°.–°–æ–±—è–Ω–∏–Ω–∞ –ø–æ –ø–æ–¥–¥–µ—Ä–∂–∫–µ —ç–∫–æ–Ω–æ–º–∏–∫–∏. –ü—Ä–µ–¥–ø—Ä–∏—è—Ç–∏–µ –±—É–¥–µ—Ç –æ–±–µ—Å–ø–µ—á–µ–Ω–æ –∑–∞–∫–∞–∑–æ–º –Ω–∞ –Ω–µ—Å–∫–æ–ª—å–∫–æ –ª–µ—Ç –≤–ø–µ—Ä–µ–¥, –±—É–¥—É—Ç —Å–æ—Ö—Ä–∞–Ω–µ–Ω—ã —Ä–∞–±–æ—á–∏–µ –º–µ—Å—Ç–∞ –∏ –±—É–¥—É—Ç –ø—Ä–æ–¥–æ–ª–∂–∞—Ç—å—Å—è –∏—Å—Å–ª–µ–¥–æ–≤–∞–Ω–∏—è –ø–æ —Å–æ–∑–¥–∞–Ω–∏—é –µ—â–µ –±–æ–ª–µ–µ —Å–æ–≤—Ä–µ–º–µ–Ω–Ω–æ–≥–æ —Ä–æ—Å—Å–∏–π—Å–∫–æ–≥–æ —á–∏–ø–∞ –¥–ª—è —Ç—Ä–∞–Ω—Å–ø–æ—Ä—Ç–∞ –∏ –±–∞–Ω–∫–æ–≤—Å–∫–æ–π —Å—Ñ–µ—Ä—ã. –ú–æ—Å–∫–æ–≤—Å–∫–∞—è –±–∏–ª–µ—Ç–Ω–∞—è —Å–∏—Å—Ç–µ–º–∞ ‚Äî –æ–¥–Ω–∞ –∏–∑ —Å–∞–º—ã—Ö –Ω–∞–¥–µ–∂–Ω—ã—Ö –∏ —Å–æ–≤—Ä–µ–º–µ–Ω–Ω—ã—Ö –≤ –º–∏—Ä–µ¬ª ‚Äî —Ä–∞—Å—Å–∫–∞–∑–∞–ª –ú–∞–∫—Å–∏–º –õ–∏–∫—Å—É—Ç–æ–≤.",2022-03-23 10:15:39
391,"–û–¥–∏–Ω–æ–∫–∏–π –º—É–∂—á–∏–Ω–∞ (20–∫–≥ –≥—Ä–µ—á–∫–∏, 16–∫–≥ —Ä–∏—Å–∞, 120 –±–∞–Ω–æ–∫ —Ç—É—à—ë–Ω–∫–∏) –∏—â–µ—Ç –∂–µ–Ω—â–∏–Ω—É —Å —Å–∞—Ö–∞—Ä–æ–º, –º—É–∫–æ–π, –º–∞–∫–∞—Ä–æ–Ω–∞–º–∏ –¥–ª—è —Å–æ–≤–º–µ—Å—Ç–Ω–æ–≥–æ –ø—Ä–æ–∂–∏–≤–∞–Ω–∏—è. –ò–Ω—Ç–∏–º –≤–æ–∑–º–æ–∂–µ–Ω, –Ω–æ –Ω–µ –æ–±—è–∑–∞—Ç–µ–ª–µ–Ω. –ê–Ω–æ–Ω",2022-03-22 09:20:55
389,"–û—Ç –Ω–∞—Å —É—Ö–æ–¥—è—Ç –ü–µ–ø—Å–∏, –ú–∞–∫–¥–æ–Ω–∞–ª—å–¥—Å, –ö–æ–∫–∞-–∫–æ–ª–∞, –∞–º–µ—Ä–∏–∫–∞–Ω—Å–∫–æ–µ –∫–∏–Ω–æ... –£ –º–µ–Ω—è –∑–∞–∫—Ä–∞–¥—ã–≤–∞–µ—Ç—Å—è –º—ã—Å–ª—å, —á—Ç–æ –∞–º–µ—Ä–∏–∫–∞–Ω—Ü—ã —Ä–µ—à–∏–ª–∏ —Å–¥–µ–ª–∞—Ç—å –∏–∑ –Ω–∞—Å –∑–¥–æ—Ä–æ–≤—É—é –∏ –ø—Å–∏—Ö–∏—á–µ—Å–∫–∏ –Ω–æ—Ä–º–∞–ª—å–Ω—É—é –Ω–∞—Ü–∏—é.",2022-03-10 10:57:35
386,"–í–ª–∞–¥–∏–º–∏—Ä–∞ –ñ–∏—Ä–∏–Ω–æ–≤—Å–∫–æ–≥–æ –≥–æ—Å–ø–∏—Ç–∞–ª–∏–∑–∏—Ä–æ–≤–∞–ª–∏ —Å –∫–æ—Ä–æ–Ω–∞–≤–∏—Ä—É—Å–æ–º

–£ –Ω–µ–≥–æ –ø–æ—Ä–∞–∂–µ–Ω–æ 50-75% –ª–µ–≥–∫–∏—Ö

–ù–∞–ø–æ–º–Ω–∏–º, —á—Ç–æ –ñ–∏—Ä–∏–Ω–æ–≤—Å–∫–∏–π —Å–¥–µ–ª–∞–ª 8 –ø—Ä–∏–≤–∏–≤–æ–∫ –æ—Ç –∫–æ–≤–∏–¥–∞",2022-02-10 10:07:52
381,"–ß–µ–º –¥–ª–∏–Ω–Ω–µ–µ –ø—Ä–∞–∑–¥–Ω–∏–∫–∏, —Ç–µ–º –±–æ–ª—å—à–µ –∑–∞–¥—É–º–∞–Ω–Ω–æ–≥–æ –ø–æ–ª—É—á–∞–µ—Ç—Å—è –≤ —ç—Ç–æ –≤—Ä–µ–º—è –Ω–µ —Å–¥–µ–ª–∞—Ç—å.",2022-01-04 15:04:31
380,"–§–µ–¥–µ—Ä–∞—Ü–∏—è –±–æ–∫—Å–∞ –†–æ—Å—Å–∏–∏ –æ—Ç–∫—Ä—ã–ª–∞ –µ–ª–∫—É –≤ –ü–∞—Ä–∫–µ-–æ—Ç–µ–ª–µ –†—É—Å—Å–∫–∏–π

–§–µ–¥–µ—Ä–∞—Ü–∏—è –±–æ–∫—Å–∞ –†–æ—Å—Å–∏–∏ —Å–æ–≤–º–µ—Å—Ç–Ω–æ —Å –¶–µ–Ω—Ç—Ä–æ–º –ü—Ä–æ–≥—Ä–µ—Å—Å–∞ –±–æ–∫—Å–∞ —Å 29 –¥–µ–∫–∞–±—Ä—è –ø–æ 9 —è–Ω–≤–∞—Ä—è –ø—Ä–æ–≤–æ–¥—è—Ç —Å–∞–º—É—é –±–æ–ª—å—à—É—é –±–ª–∞–≥–æ—Ç–≤–æ—Ä–∏—Ç–µ–ª—å–Ω—É—é –Ω–æ–≤–æ–≥–æ–¥–Ω—é—é –µ–ª–∫—É –ø–æ–¥ –Ω–∞–∑–≤–∞–Ω–∏–µ–º –†–æ–∂–¥–µ—Å—Ç–≤–µ–Ω—Å–∫–∞—è —Å–∫–∞–∑–∫–∞ –§–µ–¥–µ—Ä–∞—Ü–∏–∏ –±–æ–∫—Å–∞ –†–æ—Å—Å–∏–∏. –í—Å–µ –∞—Ç—Ä–∞–∫—Ü–∏–æ–Ω—ã –Ω–∞ –¥–∞–Ω–Ω–æ–º –º–µ—Ä–æ–ø—Ä–∏—è—Ç–∏–∏ –ø—Ä–æ–≤–æ–¥—è—Ç—Å—è –Ω–∞ –±–µ—Å–ø–ª–∞—Ç–Ω–æ–π –æ—Å–Ω–æ–≤–µ. –ü–æ—Å–µ—Ç–∏—Ç—å –µ–ª–∫—É –º–æ–≥—É—Ç –≤—Å–µ –∂–µ–ª–∞—é—â–∏–µ, –¥–µ—Ç–∏ –≤—Å–µ—Ö –≤–æ–∑—Ä–∞—Å—Ç–æ–≤ –∏ –∏—Ö —Ä–æ–¥–∏—Ç–µ–ª–∏, —Ç–∞–∫–∂–µ –§–µ–¥–µ—Ä–∞—Ü–∏—è –±–æ–∫—Å–∞ –ø—Ä–∏–≥–ª–∞—à–∞–µ—Ç –¥–µ—Ç–∏ –∏–∑ –¥–µ—Ç—Å–∫–∏—Ö –¥–æ–º–æ–≤, –∏–Ω—Ç–µ—Ä–Ω–∞—Ç–æ–≤ –∏ –º–∞–ª–æ–æ–±–µ—Å–ø–µ—á–µ–Ω–Ω—ã—Ö —Å–µ–º–µ–π.

–í –¥–µ–Ω—å –æ—Ç–∫—Ä—ã—Ç–∏—è –Ω–∞ –ø—Ä–∞–∑–¥–Ω–∏–∫–µ –ø–æ–±—ã–≤–∞–ª–∏ –ø–æ—á—Ç–∏ –ø—è—Ç—å —Ç—ã—Å—è—á —á–µ–ª–æ–≤–µ–∫. –ö –≥–æ—Å—Ç—è–º —Å –ø—Ä–∏–≤–µ—Ç—Å—Ç–≤–µ–Ω–Ω–æ–π —Ä–µ—á—å—é –æ–±—Ä–∞—Ç—è—Ç—Å—è –ü—Ä–µ–∑–∏–¥–µ–Ω—Ç –ú–µ–∂–¥—É–Ω–∞—Ä–æ–¥–Ω–æ–π –∞—Å—Å–æ—Ü–∏–∞—Ü–∏–∏ –±–æ–∫—Å–∞ –£–º–∞—Ä –ö—Ä–µ–º–ª—ë–≤, —Ü–∏—Ç–∞—Ç–∞ –∏–∑ –µ–≥–æ –ò–Ω—Å—Ç–∞–≥—Ä–∞–º–∞:

""–ú–Ω–µ –æ—á–µ–Ω—å –ø—Ä–∏—è—Ç–Ω–æ, —á—Ç–æ —Ç–∞–∫–æ–µ –±–æ–ª—å—à–æ–µ –∫–æ–ª–∏—á–µ—Å—Ç–≤–æ –º–æ–∏—Ö –ø–æ–¥–ø–∏—Å—á–∏–∫–æ–≤ —Å–æ –≤—Å–µ–π –†–æ—Å—Å–∏–∏ –∏ –°–µ—Ä–ø—É—Ö–æ–≤–∞ –ø—Ä–∏–µ—Ö–∞–ª–æ –Ω–∞ –æ—Ç–∫—Ä—ã—Ç–∏–µ. –ú—ã –ø–æ–æ–±—â–∞–ª–∏—Å—å, –ø–æ—Ñ–æ—Ç–æ–≥—Ä–∞—Ñ–∏—Ä–æ–≤–∞–ª–∏—Å—å –∏ –∑–¥–æ—Ä–æ–≤–æ –ø—Ä–æ–≤–µ–ª–∏ –≤—Ä–µ–º—è. –î–ª—è –º–µ–Ω—è –æ—á–µ–Ω—å –≤–∞–∂–Ω–æ —Å–¥–µ–ª–∞—Ç—å –∫–∞–∂–¥–æ–≥–æ –ø–∞—Ç—Ä–∏–æ—Ç–∞ –†–æ—Å—Å–∏–∏ —Ö–æ—Ç—å —á—É—Ç–æ—á–∫—É —Å—á–∞—Å—Ç–ª–∏–≤–µ–µ –∏ —Ä–∞–¥–æ—Å—Ç–Ω–µ–µ –≤ –ù–æ–≤—ã–π –≥–æ–¥""

–í—Å–µ–º –¥–µ—Ç—è–º –≤—Ä—É—á–∏–ª–∏ —Å–ª–∞–¥–∫–∏–µ –ø–æ–¥–∞—Ä–∫–∏, –∞ –µ—â–µ –º–æ–∂–Ω–æ –±—ã–ª–æ –ø–æ–æ–±—â–∞—Ç—å—Å—è —Å –≥–ª–∞–≤–Ω—ã–º –Ω–æ–≤–æ–≥–æ–¥–Ω–∏–º –≤–æ–ª—à–µ–±–Ω–∏–∫–æ–º ‚Äî –î–µ–¥–æ–º –ú–æ—Ä–æ–∑–æ–º. ¬´–†–æ–∂–¥–µ—Å—Ç–≤–µ–Ω—Å–∫–∞—è —Å–∫–∞–∑–∫–∞¬ª –ø—Ä–æ–¥–ª–∏—Ç—Å—è –¥–æ –∫–æ–Ω—Ü–∞ –Ω–æ–≤–æ–≥–æ–¥–Ω–∏—Ö –∫–∞–Ω–∏–∫—É–ª, –∞ –∏–º–µ–Ω–Ω–æ –¥–æ 9 —è–Ω–≤–∞—Ä—è. –ù–∞ –ø—Ä–∞–∑–¥–Ω–∏–∫–µ –≥–æ—Å—Ç–µ–π –∂–¥—É—Ç: –∫–æ–Ω—Ü–µ—Ä—Ç —Å —É—á–∞—Å—Ç–∏–µ–º –∏–∑–≤–µ—Å—Ç–Ω—ã—Ö –∞—Ä—Ç–∏—Å—Ç–æ–≤ –∏ –±–ª–æ–≥–µ—Ä–æ–≤, —Å–∞–º–∞—è –¥–ª–∏–Ω–Ω–∞—è –ª–µ–¥—è–Ω–∞—è –≥–æ—Ä–∫–∞, –∫–∞—Ç–∞–Ω–∏–µ –Ω–∞ –ª–æ—à–∞–¥—è—Ö, —É–≤–ª–µ–∫–∞—Ç–µ–ª—å–Ω—ã–µ –∫–≤–µ—Å—Ç—ã, –∞ —Ç–∞–∫–∂–µ –º–∞—Å—Ç–µ—Ä-–∫–ª–∞—Å—Å—ã –æ—Ç –∏–º–µ–Ω–∏—Ç—ã—Ö –±–æ–∫—Å–µ—Ä–æ–≤. –¢–∞–∫–∂–µ –¥–æ–±—Ä–∞—Ç—å—Å—è –¥–æ –ø—Ä–∞–∑–¥–Ω–∏–∫–∞ –º–æ–∂–Ω–æ –Ω–∞ –±–µ—Å–ø–ª–∞—Ç–Ω–æ–º –∞–≤—Ç–æ–±—É—Å–µ.

–ê–¥—Ä–µ—Å: –ú–æ—Å–∫–æ–≤—Å–∫–∞—è –æ–±–ª, –°–µ—Ä–ø—É—Ö–æ–≤—Å–∫–∏–π —Ä-–Ω, –ø–∞—Ä–∫-–æ—Ç–µ–ª—å –†—É—Å—Å–∫–∏–π
–†–∞—Å–ø–∏—Å–∞–Ω–∏–µ —Ä–∞–±–æ—Ç—ã: –µ–∂–µ–¥–Ω–µ–≤–Ω–æ, –≤—Ö–æ–¥ –±–µ—Å–ø–ª–∞—Ç–Ω—ã–π
29 –¥–µ–∫–∞–±—Ä—è - 9 —è–Ω–≤–∞—Ä—è - 12.00 - 19.00",2021-12-30 14:54:49
379,"–ò–Ω—Ç–µ—Ä–µ—Å–Ω–æ, —Ç—É—Ç –µ—Å—Ç—å —é—Ä–∏—Å—Ç—ã? –ù–∞ —Ä–∞–±–æ—Ç–µ –ø–æ—Å—Ç–æ—è–Ω–Ω–æ –∑–∞—Å—Ç–∞–≤–ª—è—é—Ç –¥–µ–ª–∞—Ç—å —Ç–æ, —á—Ç–æ —Å–æ–≤—Å–µ–º –Ω–µ –ø–æ –æ–±—è–∑–∞–Ω–Ω–æ—Å—Ç—è–º. –ì–æ–≤–æ—Ä—è –ø—Ä–æ—Å—Ç—ã–º —è–∑—ã–∫–æ–º ¬´–Ω–∞–∫–∏–¥—ã–≤–∞—é—Ç —Å–≤–µ—Ä—Ö—É¬ª. –ö–æ–≥–¥–∞ —è –Ω–∞—á–∏–Ω–∞—é –≥–æ–≤–æ—Ä–∏—Ç—å –æ–± —ç—Ç–æ–º, –Ω–∞—á–∏–Ω–∞—é—Ç –Ω–∞–º–µ–∫–∞—Ç—å, –º–æ–ª –µ—Å–ª–∏ –Ω–µ –Ω—Ä–∞–≤–∏—Ç—Å—è, –º–µ–Ω—è–π—Ç–µ –º–µ—Å—Ç–æ —Ä–∞–±–æ—Ç—ã. –ù–æ —è —Ç–æ –∑–Ω–∞—é, —á—Ç–æ –≥–¥–µ —Ç–æ —è –ø—Ä–∞–≤–∞‚Ä¶–ê–Ω–æ–Ω–∏–º–Ω–æ –ø–æ–∂–∞–ª—É–π—Å—Ç–∞",2021-12-30 13:38:33
373,"–ü–æ—Å–æ–≤–µ—Ç—É–π—Ç–µ —Ä–µ–ø–µ—Ç–∏—Ç–æ—Ä–∞ –ø–æ –∞–Ω–≥–ª–∏–π—Å–∫–æ–º—É? –ó–∞—Ä–∞–Ω–µ–µ —Å–ø–∞—Å–∏–±–æ, –∞–Ω–æ–Ω–∏–º–Ω–æ",2021-12-10 09:40:31
367,"–ë–æ–≥, —Å–æ–∑–¥–∞–≤–∞—è –¥—É—Ä–∞–∫–æ–≤, –≤–æ–≤—Å–µ –Ω–µ —Ä–∞—Å—Å—á–∏—Ç—ã–≤–∞–ª –Ω–∞ —Ç–æ, —á—Ç–æ –ª—é–¥–∏ –±—É–¥—É—Ç –≤—ã–±–∏—Ä–∞—Ç—å –∏—Ö –¥–µ–ø—É—Ç–∞—Ç–∞–º–∏.",2021-11-17 15:53:43
366,"–°–µ—Ç—å –∫–∞—Ñ–µ ¬´–í—Å—ë-–µ–º¬ª —ç—Ç–æ –Ω–æ–≤—ã–π —Ñ–æ—Ä–º–∞—Ç –Ω–∞–ø—Ä–∞–≤–ª–µ–Ω–∏—è –¥–ª—è —Ñ–∞—Å—Ç—Ñ—É–¥–∞ –≤ –ú–æ—Å–∫–≤–µ!

–î–µ–≤–∏–∑: ¬´–í—ã—Å–æ–∫–æ–µ –∫–∞—á–µ—Å—Ç–≤–æ - —Ä–∞–∑—É–º–Ω—ã–µ —Ü–µ–Ω—ã!¬ª.

¬´–í—Å—ë-–µ–º¬ª –ø—Ä–µ–¥–ª–∞–≥–∞–µ—Ç —Ä–æ–ª–ª—ã, –ø–∏—Ü—Ü—É –∏ —Ö–æ—Ç-–¥–æ–≥–∏ –ø–æ –¥–æ—Å—Ç—É–ø–Ω–æ–π —Ü–µ–Ω–µ –∏ –≥–∏–±–∫—É—é —Å–∏—Å—Ç–µ–º—É —Å–∫–∏–¥–æ–∫, –±–æ–Ω—É—Å–æ–≤, –ø–æ–¥–∞—Ä–∫–æ–≤ –∏ –∞–∫—Ü–∏–π, –±–µ–∑ —ç–∫–æ–Ω–æ–º–∏–∏ –Ω–∞ –∫–∞—á–µ—Å—Ç–≤–µ –ø—Ä–æ–¥—É–∫—Ç–æ–≤. –° –Ω–∞–º–∏ –≤—ã –≤—Å–µ–≥–¥–∞ —â–µ–¥—Ä—ã–π –∏ –ø–ª–∞—Ç–µ–∂–µ—Å–ø–æ—Å–æ–±–Ω—ã–π –∫–ª–∏–µ–Ω—Ç.

–ö—Å—Ç–∞—Ç–∏, –¥–æ –∫–æ–Ω—Ü–∞ –Ω–æ—è–±—Ä—è –¥–µ–π—Å—Ç–≤—É–µ—Ç –∞–∫—Ü–∏—è ¬´–ö—É–ø–∏ –∑–∞ 99 —Ä—É–±–ª–µ–π¬ª, –≤—Å–µ –ø–æ–¥—Ä–æ–±–Ω–æ—Å—Ç–∏ –≤ Instagram-–∞–∫–∫–∞—É–Ω—Ç–µ :)

–ê–¥—Ä–µ—Å–∞ –∫–∞—Ñ–µ:

üìç—É–ª. –ü—Ä–æ—Ñ—Å–æ—é–∑–Ω–∞—è, 126 –∫2, –ö–æ–Ω—å–∫–æ–≤–æ –ü–∞—Å—Å–∞–∂
üìç–±—É–ª—å–≤–∞—Ä –î–º–∏—Ç—Ä–∏—è –î–æ–Ω—Å–∫–æ–≥–æ, 1, –¢–¶ –°–µ–≤–µ—Ä–Ω–æ–µ —Å–∏—è–Ω–∏–µ
üìç–°–∫–∞–Ω–¥–∏–Ω–∞–≤—Å–∫–∏–π –±—É–ª—å–≤–∞—Ä, 6

–°–¥–µ–ª–∞—Ç—å –∑–∞–∫–∞–∑: vse-em.ru
–¢–µ–ª.: +7 (495) 090-22-33

–ù–∞—à –∏–Ω—Å—Ç–∞–≥—Ä–∞–º: instagram.com/vse__em

–ö–∞—Ñ–µ —Ä–∞–±–æ—Ç–∞—é—Ç —Ç–æ–ª—å–∫–æ –Ω–∞ –¥–æ—Å—Ç–∞–≤–∫—É –∏ —Å–∞–º–æ–≤—ã–≤–æ–∑!",2021-11-16 12:44:08
361,"–ß—Ç–æ –µ–≤—Ä–æ–ø–µ–π—Ü—É - –ª–æ–∫–¥–∞—É–Ω, —Ç–æ —Ä—É—Å—Å–∫–æ–º—É - –≤—ã—Ö–æ–¥–Ω—ã–µ.",2021-11-04 09:16:31
353,"–ü–æ—à–µ–ª —Ñ–æ—Ç–æ–≥—Ä–∞—Ñ–∏—Ä–æ–≤–∞—Ç—å—Å—è (–Ω–∞ –ø–∞—Å–ø–æ—Ä—Ç). –ü—Ä–∏—á–µ—Å–∞–ª—Å—è. –°–µ–ª. –§–æ—Ç–æ–≥—Ä–∞—Ñ –º–Ω–µ –≥–æ–≤–æ—Ä–∏—Ç –≤–µ–∂–ª–∏–≤–æ:
- –ú–∞—Å–æ—á–∫—É —Å–Ω–∏–º–∏—Ç–µ, –ø–æ–∂–∞–ª—É–π—Å—Ç–∞.
–°–∏–ª–∞ –ø—Ä–∏–≤—ã—á–∫–∏ üòÖ",2021-10-19 12:26:36
342,–£ –∫–æ–≥–æ-–Ω–∏–±—É–¥—å –∑–∞—Ä–∞–±–æ—Ç–∞–ª –∏–Ω—Å—Ç–∞–≥—Ä–∞–º –∏–ª–∏ –≤–æ—Ç—Ü–∞–ø?,2021-10-04 19:01:12
332,,2021-09-25 17:58:12
328,"–ú–æ—è –∫–æ—à–∫–∞ —á–µ—Ä–µ—Å—á—É—Ä —Å–æ–æ–±—Ä–∞–∑–∏—Ç–µ–ª—å–Ω–∞—è. –û–Ω–∞ –ø—Ä–æ—Å—Ç–æ —Å–º–æ—Ç—Ä–∏—Ç –Ω–∞ –Ω–∞—Å, —á—Ç–æ –º—ã –¥–µ–ª–∞–µ–º, –∏ –∑–∞–ø–æ–º–∏–Ω–∞–µ—Ç. –ö–æ–≥–¥–∞ –µ–π —Å–∫—É—á–Ω–æ, –æ–Ω–∞ –æ—Ç–∫—Ä—ã–≤–∞–µ—Ç —à–∫–∞—Ñ—ã, –º–æ–∂–µ—Ç –≤–∫–ª—é—á–∏—Ç—å –≤–æ–¥—É –≤ —Ä–∞–∫–æ–≤–∏–Ω–µ, –≤–∫–ª—é—á–∏—Ç—å —Ä–æ–±–æ—Ç-–ø—ã–ª–µ—Å–æ—Å, –ø–ª–∏—Ç—É (–∫–æ–º–±–∏–Ω–∞—Ü–∏—è –∏–∑ –¥–≤—É—Ö –∫–ª–∞–≤–∏—à). –ü—Ä–∏—Ö–æ–¥–∏—Ç—Å—è, —É—Ö–æ–¥—è –∏–∑ –¥–æ–º–∞, –≤—Å—ë –æ–±–µ—Å—Ç–æ—á–∏–≤–∞—Ç—å. –ù–æ—á—å—é —Å–ø–∏—Ç –≥–æ–ª–æ–≤–æ–π –Ω–∞ –ø–æ–¥—É—à–∫–µ –∏ —Ç–µ–ª–æ–º –ø–æ–¥ –æ–¥–µ—è–ª–æ–º, –∫–∞–∫ –º—ã. –ê —É—Ç—Ä–æ–º –ª–∞–ø–æ–π –≤—ã–∫–ª—é—á–∞–µ—Ç –±—É–¥–∏–ª—å–Ω–∏–∫ –Ω–∞ —Ç–µ–ª–µ—Ñ–æ–Ω–µ. –ü–æ—Ä–æ–π —Å—Ç–∞–Ω–æ–≤–∏—Ç—Å—è –∫–∞–∫-—Ç–æ –∂—É—Ç–∫–æ. –ü–æ—Å–ª–µ–¥–Ω–µ–µ, —á—Ç–æ –º–µ–Ω—è —É–±–∏–ª–æ, —á—Ç–æ –æ–Ω–∞ –≤–∫–ª—é—á–∏–ª–∞ –∫–æ–Ω–¥–∏—Ü–∏–æ–Ω–µ—Ä, –Ω–∞–∂–∞–≤ –ª–∞–ø–æ–π –Ω–∞ –Ω—É–∂–Ω—É—é –∫–Ω–æ–ø–∫—É.",2021-09-22 16:59:09
318,"–°—á–∏—Ç–∞—é, —á—Ç–æ –†–æ—Å—Å–∏–∏ –Ω—É–∂–Ω–æ –ø–æ—Å—Ç–µ–ø–µ–Ω–Ω–æ —Å–≤–æ—Ä–∞—á–∏–≤–∞—Ç—å –ø—Ä–∞–∑–¥–Ω–æ–≤–∞–Ω–∏–µ –ø–æ–±–µ–¥—ã –≤ –≤–æ–π–Ω–µ –∏ –ø–æ—Ç–∏—Ö–æ–Ω—å–∫—É –Ω–∞—á–∏–Ω–∞—Ç—å –ø–æ—Å–ª–µ–≤–æ–µ–Ω–Ω–æ–µ –≤–æ—Å—Å—Ç–∞–Ω–æ–≤–ª–µ–Ω–∏–µ —Å—Ç—Ä–∞–Ω—ã!",2021-09-06 13:23:44
307,"–ó–¥–æ—Ä–æ–≤—ã–π —á–µ–ª–æ–≤–µ–∫, –Ω–µ –∏–º–µ—é—â–∏–π –∞–≤—Ç–æ–º–æ–±–∏–ª—è –∏ –∂–µ–Ω—ã, –ø—Ä–∞–∫—Ç–∏—á–µ—Å–∫–∏ –±–µ–∑–∑–∞—â–∏—Ç–µ–Ω –ø–µ—Ä–µ–¥ –∞–ª–∫–æ–≥–æ–ª–µ–º.",2021-08-24 14:13:18
303,"–ó–∞—à–ª–∏ —Å –º–æ–ª–æ–¥—ã–º —á–µ–ª–æ–≤–µ–∫–æ–º –∏ –ø–æ–¥—Ä—É–≥–æ–π –≤ –∫–∞—Ñ–µ —Å —Å–∞–º–æ–æ–±—Å–ª—É–∂–∏–≤–∞–Ω–∏–µ–º. –ü–æ–∫–∞ –æ–Ω–∏ –¥–µ–ª–∞–ª–∏ –∑–∞–∫–∞–∑ —É —Å—Ç–æ–π–∫–∏, —è –ø–æ—à–ª–∞ –≤ —Ç—É–∞–ª–µ—Ç. –û–Ω —Å—Ç–æ–∏–ª 25 —Ä—É–±–ª–µ–π, –Ω–æ –ø—Ä–∏ –ø—Ä–µ–¥—ä—è–≤–ª–µ–Ω–∏–∏ —á–µ–∫–∞ –∫–ª–∏–µ–Ω—Ç–∞–º –∫–∞—Ñ–µ –±–µ—Å–ø–ª–∞—Ç–Ω–æ. –Ø –ø–æ–¥—Ö–æ–∂—É –∫ —Ä–µ–±—è—Ç–∞–º, –Ω–∞ —Å—Ç–æ–π–∫–µ –ª–µ–∂–∏—Ç —á–µ–∫, –∏ —è –≥–æ–≤–æ—Ä—é: ""–û, –∫—Ç–æ-—Ç–æ –æ—Å—Ç–∞–≤–∏–ª —á–µ–∫, —Å—Ö–æ–∂—É —Å –Ω–∏–º –≤ —Ç—É–∞–ª–µ—Ç!"" –û–Ω–∏ –ø–æ—Å–º–æ—Ç—Ä–µ–ª–∏ –Ω–∞ –º–µ–Ω—è –∫–∞–∫ –Ω–∞ –Ω–µ–Ω–æ—Ä–º–∞–ª—å–Ω—É—é –∏ –≥–æ–≤–æ—Ä—è—Ç: ""–í–æ–Ω —Å–∞–ª—Ñ–µ—Ç–∫–∏ –ª–µ–∂–∞—Ç, –≤–æ–∑—å–º–∏!"" –ê–Ω–æ–Ω–∏–º–Ω–æ",2021-08-18 08:23:35
300,"–ï—Å–ª–∏ –†–æ—Å—Å–∏—è —Ç—É—à–∏—Ç –ø–æ–∂–∞—Ä—ã –≤ –¢—É—Ä—Ü–∏–∏, —Ç–æ –ø–æ—á–µ–º—É –¢—É—Ä—Ü–∏—è –Ω–µ –ª–∏–∫–≤–∏–¥–∏—Ä—É–µ—Ç –Ω–∞–≤–æ–¥–Ω–µ–Ω–∏—è –≤ –†–æ—Å—Å–∏–∏?",2021-08-16 11:52:47
295,"–í –∞—ç—Ä–æ–ø–æ—Ä—Ç—É –®–µ—Ä–µ–º–µ—Ç—å–µ–≤–æ –ø—å—è–Ω—ã–π –ø–∞—Å—Å–∞–∂–∏—Ä –ø–æ–∫–∞—Ç–∞–ª—Å—è –ø–æ –ª–µ–Ω—Ç–∞–º –¥–ª—è —Ç—Ä–∞–Ω—Å–ø–æ—Ä—Ç–∏—Ä–æ–≤–∫–∏ –±–∞–≥–∞–∂–∞ üòÖ –ß—Ç–æ–±—ã –Ω–∞–π—Ç–∏ –±–∞–≥–∞–∂, –Ω–∞–¥–æ –¥—É–º–∞—Ç—å –∫–∞–∫ –±–∞–≥–∞–∂",2021-08-10 12:51:47
293,"–ü—É–±–ª–∏–∫—É–µ–º –Ω–æ–≤–æ—Å—Ç–∏ —Å –º–µ—Å—Ç–∞ —Å–æ–±—ã—Ç–∏–π –±—ã—Å—Ç—Ä–µ–µ, —á–µ–º –°–ú–ò! üòé –ë—É–¥—å—Ç–µ –≤ –∫—É—Ä—Å–µ, —á—Ç–æ –ø—Ä–æ–∏—Å—Ö–æ–¥–∏—Ç –≤ —Å—Ç–æ–ª–∏—Ü–µ! üôÇ –ü–æ–¥–ø–∏—Å—ã–≤–∞–π—Ç–µ—Å—å! ‚úÖ t.me/omoskva",2021-08-09 13:54:42
292,–°–∞–º—ã–π –ø—Ä–æ—Å—Ç–æ–π —Å–ø–æ—Å–æ–± –Ω–∞—É—á–∏—Ç—å—Å—è –º–æ–ª—á–∞—Ç—å - —ç—Ç–æ –±—Ä–æ—Å–∏—Ç—å –º–∞—Ç–µ—Ä–∏—Ç—å—Å—è.,2021-08-06 10:25:17
291,,2021-08-05 10:01:39
276,–†–∞—Å—Ö–æ–¥—ã –Ω–∞ –≤–∏–¥–∏–º–æ—Å—Ç—å –ø—Ä–∏–Ω—è–ª–∏ –Ω–µ–≤–∏–¥–∞–Ω–Ω—ã–µ —Ä–∞–∑–º–µ—Ä—ã.,2021-07-22 10:44:15
275,"–ú–Ω–æ–≥–æ –≥–æ—Ä—è—á–∏—Ö –≤–∞–∫–∞–Ω—Å–∏–π –æ—Ç –í–∫—É—Å–í–∏–ª–ª!üî•
–ò—â–µ—à—å —Ä–∞–±–æ—Ç—É?

–ú—ã —Ä–∞–¥—ã –ø—Ä–∏–≤–µ—Ç—Å—Ç–≤–æ–≤–∞—Ç—å –≤ –∫–æ–º–∞–Ω–¥–µ –∫–∞–∂–¥–æ–≥–æ, –∫—Ç–æ –≥–æ—Ç–æ–≤ —Å–ø–∞—Å–∞—Ç—å –ª—é–¥–µ–π –æ—Ç –≥–æ–ª–æ–¥–∞) –†–∞–±–æ—Ç–Ω–∏–∫–∏ —Ç–æ—Ä–≥–æ–≤–æ–≥–æ –∑–∞–ª–∞, —Å–±–æ—Ä—â–∏–∫–∏ –∏ –¥—Ä—É–≥–∏–µ –≤–∞–∫–∞–Ω—Å–∏–∏ –∂–¥—É—Ç —Å–≤–æ–∏—Ö —Å—É–ø–µ—Ä–≥–µ—Ä–æ–µ–≤!

–ó–≤–æ–Ω–∏ –∏–ª–∏ –ø–µ—Ä–µ—Ö–æ–¥–∏ –ø–æ —Å—Å—ã–ª–∫–µ –∏ –æ—Ç–ø—Ä–∞–≤–ª—è–π –∞–Ω–∫–µ—Ç—É –æ–Ω–ª–∞–π–Ω üëâhttps://vk.cc/c3HZWM",2021-07-21 15:07:05
274,"–≠–ª–µ–∫—Ç—Ä–æ–Ω–Ω–∞—è –æ—á–µ—Ä–µ–¥—å –≤ –†–æ—Å—Å–∏–∏, —ç—Ç–æ –∫–æ–≥–¥–∞ —Ç—ã —Ä–µ–≥–∏—Å—Ç—Ä–∏—Ä—É–µ—à—å—Å—è –Ω–∞ –ì–æ—Å—É—Å–ª—É–≥–∞—Ö, —á—Ç–æ–±—ã –ø–æ–ª—É—á–∏—Ç—å —Ç–∞–ª–æ–Ω, –∫–æ—Ç–æ—Ä—ã–π –Ω–∞–¥–æ –æ–±—è–∑–∞—Ç–µ–ª—å–Ω–æ —Ä–∞—Å–ø–µ—á–∞—Ç–∞—Ç—å, –∏–Ω–∞—á–µ –Ω–µ –Ω–∞ —á–µ–º –ø–æ—Ç–æ–º –±—É–¥–µ—Ç –∑–∞–ø–∏—Å–∞—Ç—å —Å–≤–æ–π –Ω–æ–º–µ—Ä –∂–∏–≤–æ–π –æ—á–µ—Ä–µ–¥–∏.",2021-07-21 12:41:21
272,–í—Ç–æ—Ä–æ–π –¥–µ–Ω—å —Ä–æ–∂–¥–µ–Ω–∏—è üò±,2021-07-20 10:38:53
271,"–Ø –ø—Ä–∞–≤–∏–ª—å–Ω–æ –ø–æ–Ω—è–ª, —á—Ç–æ –±–æ–≥–∞—Ç—ã–µ –¥–µ–ª–∞—é—Ç –ø—Ä–∏–≤–∏–≤–∫—É, —á—Ç–æ–±—ã —Ö–æ–¥–∏—Ç—å –ø–æ —Ä–µ—Å—Ç–æ—Ä–∞–Ω–∞–º, –∞ –±–µ–¥–Ω—ã–µ ‚Äî —á—Ç–æ–±—ã —Ö–æ–¥–∏—Ç—å –Ω–∞ —Ä–∞–±–æ—Ç—É?",2021-07-15 09:54:03
270,,2021-07-14 12:18:55
263,–ü–æ–ª–æ–≤–∏–Ω–∞ –∂–∏—Ç–µ–ª–µ–π –†–æ—Å—Å–∏–∏ –ø–æ–¥–¥–µ—Ä–∂–∞–ª–∏ –æ–±—è–∑–∞—Ç–µ–ª—å–Ω—É—é –≤–∞–∫—Ü–∏–Ω–∞—Ü–∏—é –¥—Ä—É–≥–æ–π –ø–æ–ª–æ–≤–∏–Ω—ã –∂–∏—Ç–µ–ª–µ–π –†–æ—Å—Å–∏–∏.,2021-06-30 13:09:28
257,"–í –∏–ø–æ—Ç–µ–∫–µ –æ—Ç–∫–∞–∑–∞–ª–∏ –∏–∑-–∑–∞ –Ω–∏–∑–∫–æ–≥–æ –¥–æ—Ö–æ–¥–∞, –∞ –≤ –¥–µ—Ç—Å–∫–æ–º –ø–æ—Å–æ–±–∏–∏ –∏–∑-–∑–∞ –≤—ã—Å–æ–∫–æ–≥–æ –¥–æ—Ö–æ–¥–∞. –°—Ä–µ–¥–Ω–∏–π –∫–ª–∞—Å—Å, —Å—É–∫–∞.",2021-06-15 21:12:20
256,,2021-06-10 20:22:50
255,"–ü–æ–æ–±—â–∞–µ–º—Å—è –ø–æ —Ç–µ–ª–µ—Ñ–æ–Ω—É? –ü–æ–≥–æ–≤–æ—Ä–∏–º –ø–æ —Ç–µ–ª–µ—Ñ–æ–Ω—É?
–ï—Å–ª–∏ –∑–∞—Ö–æ—á–µ—Ç—Å—è –ø–æ–∑–≤–æ–Ω–∏—Ç—å –õ–µ–æ–Ω–∏–¥—É
+74950014700 (WhatsApp Viber) –ì–æ—Ä–æ–¥ –ú–æ—Å–∫–≤–∞ –†–æ—Å—Å–∏—è
+74950014716 (WhatsApp Viber) –ì–æ—Ä–æ–¥ –ú–æ—Å–∫–≤–∞ –†–æ—Å—Å–∏—è
+79315210053 (WhatsApp Viber Telegram) –ú–æ–±–∏–ª –ú–æ—Å–∫–≤–∞ –†–æ—Å—Å–∏—è
+79315210105 (WhatsApp Viber Telegram) –ú–æ–±–∏–ª –ú–æ—Å–∫–≤–∞ –†–æ—Å—Å–∏—è

–ú–æ–∂–µ—Ç –±—ã—Ç—å –ø–æ–¥—Ä—É–∂–∏–º—Å—è, –ø–æ–∑–Ω–∞–∫–æ–º–∏–º—Å—è –ø–æ —Ç–µ–ª–µ—Ñ–æ–Ω—É.

[id656668678|–ú–∏—Å—Ç–µ—Ä –õ–µ–æ–Ω–∏–¥]",2021-06-10 16:00:03
251,"–ï—Å–ª–∏ –±—ã –í–∏–∫—Ç–æ—Ä –¶–æ–π –¥–æ–∂–∏–ª –¥–æ –Ω–∞—à–∏—Ö –¥–Ω–µ–π, —Ç–æ –æ–Ω –±—ã –∞—Ñ–∏–≥–µ–ª –æ—Ç —Ç–∞–∫–∏—Ö –ø–µ—Ä–µ–º–µ–Ω.",2021-05-24 11:08:30
250,"–ú–∞–π - —ç—Ç–æ —Ç–∞–∫–æ–π –º–µ—Å—è—Ü, –∫–æ–≥–¥–∞ –∑–∞–≥–æ—Ä–∞—Ç—å –µ—â—ë —Ä–∞–Ω–æ, –∞ —Ö—É–¥–µ—Ç—å —É–∂–µ –ø–æ–∑–¥–Ω–æ.",2021-05-12 20:42:22
245,"–í —Ä–∞–º–∫–∞—Ö –ø—Ä–æ–≥—Ä–∞–º–º—ã –±–æ—Ä—å–±—ã —Å –±–µ–¥–Ω–æ—Å—Ç—å—é –Ω–∞—Å–µ–ª–µ–Ω–∏—è, –¥–µ–ø—É—Ç–∞—Ç—ã –∞–Ω–æ–Ω—Å–∏—Ä–æ–≤–∞–ª–∏ –∑–∞–∫–æ–Ω, –∑–∞–ø—Ä–µ—â–∞—é—â–∏–π –≥—Ä–∞–∂–¥–∞–Ω–∞–º —Å–≤–∏—Å—Ç–µ—Ç—å –≤ –∂–∏–ª—ã—Ö –ø–æ–º–µ—â–µ–Ω–∏—è—Ö.",2021-04-29 15:34:20
240,"–ê–ø–∞—Ä—Ç-–æ—Ç–µ–ª—å –≤ –ì–µ–ª–µ–Ω–¥–∂–∏–∫–µ –ø—Ä–æ—Å–º–æ—Ç—Ä–µ–ª–æ 100 –º–ª–Ω, –Ω–æ –Ω–∏–∫—Ç–æ –Ω–µ –∑–∞–±—Ä–æ–Ω–∏—Ä–æ–≤–∞–ª!",2021-04-16 11:48:49
239,"–î–∞–≤–∞–π—Ç–µ –≥–æ–≤–æ—Ä–∏—Ç—å –∫–∞–∫ –ø–µ—Ç–µ—Ä–±—É—Ä–∂—Ü—ã: –Ω–µ –∞–¥–º–∏–Ω–∏—Å—Ç—Ä–∞—Ü–∏—è, –∞ –≤–∑—è—Ç–æ—à–Ω–∞—è.",2021-04-15 11:40:47
234,"13-–ªe—Ç–Ω–∏–π –øo–¥poc—Ço–∫ –øo–∫o–Ω—á–∏–ª c co–±o–π –øoc–ªe —Ço–≥o, –∫a–∫ –ºa–ºa c–∫a–∑a–ªa, —á—Ço o–Ω –Ω–∏–∫o–ºy –Ωe –Ωy–∂e–Ω.

–®–∫o–ª—å–Ω–∏–∫ –Ωe o—áe–Ω—å xopo—ào y—á–∏–ªc—è (–øoc–ªe–¥–Ω—é—é —áe—Ç–≤ep—Ç—å –∑a–∫o–Ω—á–∏–ª c —àec—Ç—å—é –¥–≤o–π–∫a–º–∏) –∏ –øo—ç—Ço–ºy c–∏–ª—å–Ωo –∫o–Ω—Ñ–ª–∏–∫—Ço–≤a–ª c –ºa—Çep—å—é. –ùa–∫a–Ωy–Ωe, –øo e—ë –º–Ωe–Ω–∏—é, co–≤ce–º –∂—ëc—Ç–∫o –øpo–≤–∏–Ω–∏–ªc—è: c–ªy—áa–π–Ωo –øo—Çpa—Ç–∏–ª c po–¥–∏—Çe–ª—åc–∫o–π –∫ap—Ço—á–∫–∏ —àec—Ç—å —Ç—ãc—è—á –Ωa o–Ω–ªa–π–Ω-–∏–≥py.

–úa–ºa —ç—Ço –∑a–ºe—Ç–∏–ªa, –øp–∏—à–ªa y—Çpo–º –≤ e–≥o –∫o–º–Ωa—Çy, cop–≤a–ªa c –Ωe–≥o o–¥e—è–ªo, o–±–ª–∏–ªa xo–ªo–¥–Ωo–π –≤o–¥o–π –∏ c–∫a–∑a–ªa, —á—Ço o–Ω –Ω–∏–∫o–ºy –Ωe –Ωy–∂–Ω—ã–π –∏–∑–≥o–π. –üo–¥poc—Ço–∫ –Ωa–ø–∏ca–ª o c–ªy—á–∏–≤—àe–ºc—è c–≤oe–ºy –¥py–≥y, –Ωo –∏ —Ça–º oco–±o–π –øo–¥–¥ep–∂–∫–∏ –Ωe –Ωa—à—ë–ª. –íe—áepo–º –ºa–ºa –Ωa—à–ªa pe–±e–Ω–∫a –º—ëp—Ç–≤—ã–º.

–ùa–øo–º–∏–Ωae–º, —á—Ço –¥–ª—è –¥e—Çe–π ec—Ç—å c–øe—Ü–∏a–ª—å–Ωa—è c–ªy–∂–±a –øc–∏xo–ªo–≥–∏—áec–∫o–π –øo–ºo—â–∏.",2021-03-24 12:03:20
232,"–°—Ç–∞–Ω—Ü–∏–µ–π ""–°–ø–æ—Ä—Ç–∏–≤–Ω–∞—è"" –Ω–∞–¥–æ –Ω–∞–∑—ã–≤–∞—Ç—å –≤—Å–µ —Å—Ç–∞–Ω—Ü–∏–∏ –º–µ—Ç—Ä–æ –±–µ–∑ —ç—Å–∫–∞–ª–∞—Ç–æ—Ä–∞.",2021-03-22 12:45:00
229,"–ê–Ω—Ç–∏–ø—Ä–∏–≤–∏–≤–æ—á–Ω–∏–∫ - –∑–≤—É—á–∏—Ç –≥–æ—Ä–¥–æ.
–ù–æ –Ω–µ–¥–æ–ª–≥–æ.",2021-03-18 15:26:06
224,"–û—Ç—Ä–µ–∑–∞–≤—à–∞—è –≥–æ–ª–æ–≤—É —Ä–µ–±–µ–Ω–∫—É –≤ –ú–æ—Å–∫–≤–µ –ì—é–ª—å—á–µ—Ö—Ä–∞ –ë–æ–±–æ–∫—É–ª–æ–≤–∞, —Ä–∞–±–æ—Ç–∞–≤—à–∞—è –Ω—è–Ω–µ–π –≤ —Å–µ–º—å–µ, –≤ —Å–∫–æ—Ä–æ–º –≤—Ä–µ–º–µ–Ω–∏ –º–æ–∂–µ—Ç –æ–∫–∞–∑–∞—Ç—å—Å—è –Ω–∞ —Å–≤–æ–±–æ–¥–µ.

–í—Ä–∞—á–∏ —É–≤–µ—Ä–µ–Ω—ã, —á—Ç–æ –∏—Ö –ø–∞—Ü–∏–µ–Ω—Ç–∫–∞ –Ω–µ–æ–ø–∞—Å–Ω–∞, –∞ –æ–±—â–µ—Å—Ç–≤–µ–Ω–Ω–∏–∫–∏ –≥–æ–ª–æ—Å—É—é—Ç –∑–∞ —Å—Ç—Ä–æ–≥–∏–π –∫–æ–Ω—Ç—Ä–æ–ª—å.

–ê–¥–≤–æ–∫–∞—Ç –ë–æ–±–æ–∫—É–ª–æ–≤–æ–π —Å–æ–æ–±—â–∏–ª, –æ–Ω–∞ –ø—Ä–æ—Ö–æ–¥–∏–ª–∞ –ª–µ—á–µ–Ω–∏–µ –≤ –ø—Å–∏—Ö–∏–∞—Ç—Ä–∏—á–µ—Å–∫–æ–π –ª–µ—á–µ–±–Ω–∏—Ü–µ –≤ –ö–∞–∑–∞–Ω–∏, –≤—ã–∑–¥–æ—Ä–æ–≤–µ–ª–∞ –∏ –≤—ã—Ö–æ–¥–∏—Ç –Ω–∞ —Å–≤–æ–±–æ–¥—É.

–ö–æ–Ω–∫—Ä–µ—Ç–Ω–∞—è –¥–∞—Ç–∞ –æ—Å–≤–æ–±–æ–∂–¥–µ–Ω–∏—è –ë–æ–±–æ–∫—É–ª–æ–≤–æ–π –Ω–µ –Ω–∞–∑—ã–≤–∞–µ—Ç—Å—è. –¢–∞–∫–∂–µ –Ω–µ–∏–∑–≤–µ—Å—Ç–Ω–æ –∫—É–¥–∞ –æ–Ω–∞ –æ—Ç–ø—Ä–∞–≤–∏—Ç—Å—è, –Ω–∞—Ö–æ–¥—è—Å—å –Ω–∞ —Å–≤–æ–±–æ–¥–µ.

–ù–∞–ø–æ–º–Ω–∏–º, —á—Ç–æ –ë–æ–±–æ–∫—É–ª–æ–≤–∞ 29 —Ñ–µ–≤—Ä–∞–ª—è 2016 –≥–æ–¥–∞ –æ—Ç—Ä–µ–∑–∞–ª–∞ –≥–æ–ª–æ–≤—É —á–µ—Ç—ã—Ä–µ—Ö–ª–µ—Ç–Ω–µ–π –±–æ–ª—å–Ω–æ–π –¥–µ–≤–æ—á–∫–µ, –∑–∞ –∫–æ—Ç–æ—Ä–æ–π —É—Ö–∞–∂–∏–≤–∞–ª–∞ –ø–æ –Ω–∞–π–º—É –≤ –æ–¥–Ω–æ–π —Å–µ–º—å–µ –≤ –ú–æ—Å–∫–≤–µ. –ü–æ–∑–∂–µ –æ–Ω–∞ –ø–æ–¥–æ–∂–≥–ª–∞ –∫–≤–∞—Ä—Ç–∏—Ä—É, –∞ —Å–∞–º–∞ –æ—Ç–ø—Ä–∞–≤–∏–ª–∞—Å—å –∫ –º–µ—Ç—Ä–æ ""–û–∫—Ç—è–±—Ä—å—Å–∫–æ–µ –ø–æ–ª–µ"", –≥–¥–µ –ø—Ä–æ–¥–µ–º–æ–Ω—Å—Ç—Ä–∏—Ä–æ–≤–∞–ª–∞ –ø–æ–ª–∏—Ü–µ–π—Å–∫–∏–º –æ—Ç—Ä–µ–∑–∞–Ω–Ω—É—é –≥–æ–ª–æ–≤—É —Ä–µ–±–µ–Ω–∫–∞ –∏ –∑–∞—è–≤–∏–ª–∞, —á—Ç–æ —Å–µ–π—á–∞—Å –≤–∑–æ—Ä–≤–µ—Ç —Å–µ–±—è. –û–Ω–∞ –±—ã–ª–∞ –∑–∞–¥–µ—Ä–∂–∞–Ω–∞ —á–µ—Ä–µ–∑ 40 –º–∏–Ω—É—Ç.

–ë–æ–±–æ–∫—É–ª–æ–≤–∞ –ø—Ä–æ—Ö–æ–¥–∏–ª–∞ –ø—Å–∏—Ö–∏–∞—Ç—Ä–∏—á–µ—Å–∫—É—é —ç–∫—Å–ø–µ—Ä—Ç–∏–∑—É –≤ –ù–ò–ò –∏–º–µ–Ω–∏ –°–µ—Ä–±—Å–∫–æ–≥–æ, –∑–∞—Ç–µ–º –µ–µ –ø–æ–º–µ—Å—Ç–∏–ª–∏ –≤ –ø—Å–∏—Ö–∏–∞—Ç—Ä–∏—á–µ—Å–∫—É—é –±–æ–ª—å–Ω–∏—Ü—É –ø—Ä–∏ –°–ò–ó–û, –∞ –ø–æ–∑–∂–µ –•–æ—Ä–æ—à–µ–≤—Å–∫–∏–π —Å—É–¥ –æ—Å–≤–æ–±–æ–¥–∏–ª –µ–µ –æ—Ç –æ—Ç–≤–µ—Ç—Å—Ç–≤–µ–Ω–Ω–æ—Å—Ç–∏ –∏ –æ—Ç–ø—Ä–∞–≤–∏–ª –Ω–∞ –ø—Ä–∏–Ω—É–¥–∏—Ç–µ–ª—å–Ω–æ–µ –ª–µ—á–µ–Ω–∏–µ. –¢–∞–∫–∂–µ –∏–∑ –°–∞–º–∞—Ä–∫–∞–Ω–¥—Å–∫–æ–≥–æ –æ–±–ª–∞—Å—Ç–Ω–æ–≥–æ –ø—Å–∏—Ö–æ–Ω–µ–≤—Ä–æ–ª–æ–≥–∏—á–µ—Å–∫–æ–≥–æ –¥–∏—Å–ø–∞–Ω—Å–µ—Ä–∞ –ø—Ä–∏—à–µ–ª –¥–æ–∫—É–º–µ–Ω—Ç, —á—Ç–æ –ë–æ–±–æ–∫—É–ª–æ–≤–∞ —Å—Ç–æ—è–ª–∞ –Ω–∞ —É—á–µ—Ç–µ —Å 2003 –≥–æ–¥–∞ —Å –¥–∏–∞–≥–Ω–æ–∑–æ–º ""–û—Å—Ç—Ä—ã–π —à–∏–∑–æ—Ñ—Ä–µ–Ω–∏—á–µ—Å–∫–∏–π —ç–ø–∏–∑–æ–¥. –ì–∞–ª–ª—é—Ü–∏–Ω–∞—Ç–æ—Ä–Ω—ã–π —Å–∏–Ω–¥—Ä–æ–º"".",2021-03-17 17:06:21
223,"–í—ã –∑–∞–º–µ—á–∞–ª–∏, —á—Ç–æ –≤ –ø—Ä–∏–Ω—Ü–∏–ø–µ –≤—Å–µ –Ω–µ —Ç–∞–∫ —É–∂ –∏ –¥–æ—Ä–æ–≥–æ, –µ—Å–ª–∏ —É –≤–∞—Å –µ—Å—Ç—å –¥–µ–Ω—å–≥–∏?",2021-03-17 16:44:39
221,"–õ–∞–π—Ñ—Ö–∞–∫, –∫–∞–∫ –Ω–µ —Ç–µ—Ä—è—Ç—å –±–µ—Å–ø—Ä–æ–≤–æ–¥–Ω—ã–µ –Ω–∞—É—à–Ω–∏–∫–∏",2021-03-16 15:48:05
220,–©–µ–¥—Ä—ã–π –¥—Ä—É–≥ –ª—É—á—à–µ —Å—Ç–∞—Ä—ã—Ö –¥–≤—É—Ö.,2021-03-16 15:08:30
219,"–ü–ª–æ—Ö–∞—è –ø—Ä–∏–º–µ—Ç–∞ - —ç—Ç–æ –∫–æ–≥–¥–∞ —Ç—ã –ø—Ä–æ–≤—ë–ª –Ω–æ—á—å —Å –¥–µ–≤—É—à–∫–æ–π, –ø—Ä–æ—Å–∏—à—å –Ω–∞—É—Ç—Ä–æ –ø–æ–∫–∞–∑–∞—Ç—å –µ—ë —Ñ–æ—Ç–∫—É –≤ –ø–∞—Å–ø–æ—Ä—Ç–µ, –∞ –æ–Ω–∞ –≥–æ–≤–æ—Ä–∏—Ç, —á—Ç–æ —É –Ω–µ—ë –ø–æ–∫–∞ –Ω–µ—Ç –ø–∞—Å–ø–æ—Ä—Ç–∞...",2021-03-14 17:16:30
218,"–ü—Ä–æ—Ñ–µ—Å—Å–∏–æ–Ω–∞–ª—å–Ω–∞—è –º–µ–¥–∏—Ü–∏–Ω—Å–∫–∞—è –ø–æ–º–æ—â—å –≤ –æ–±–ª–∞—Å—Ç–∏ –Ω–∞—Ä–∫–æ–ª–æ–≥–∏–∏ 24 —á–∞—Å–∞ –≤ —Å—É—Ç–∫–∏ !
–ö–∞–ø–µ–ª—å–Ω–∏—Ü—ã –Ω–∞ –¥–æ–º—É üíâ
–†–∞–±–æ—Ç–∞—é –∞–Ω–æ–Ω–∏–º–Ω–æ –ø–æ –ú–æ—Å–∫–≤–µ –∏ –ú–û.
–û–ø–µ—Ä–∞—Ç–∏–≤–Ω—ã–π –≤—ã–µ–∑–¥. –ë—ã—Å—Ç—Ä–∞—è –ø–æ–º–æ—â—å.
–°–æ–≤—Ä–µ–º–µ–Ω–Ω–æ–µ –º–µ–¥–∏—Ü–∏–Ω—Å–∫–æ–µ –æ–±–æ—Ä—É–¥–æ–≤–∞–Ω–∏–µ.
–°–Ω—è—Ç–∏–µ –æ—Ç—Ä–∞–≤–ª–µ–Ω–∏—è –ª—é–±–æ–π —Å—Ç–µ–ø–µ–Ω–∏ —Ç—è–∂–µ—Å—Ç–∏ üôè–ù–∞–∑–Ω–∞—á–µ–Ω–∏–µ –ª–µ—á–µ–Ω–∏—è –∏ —Ä–µ–∞–±–∏–ª–∏—Ç–∞—Ü–∏—è.
–ü—Ä–∏ –ø–æ–¥–¥–µ—Ä–∂–∫–µ –≤–µ–¥—É—â–∏—Ö –∫–ª–∏–Ω–∏–∫ –ú–æ—Å–∫–≤—ã.
–í—Å—è –Ω–µ–æ–±—Ö–æ–¥–∏–º–∞—è –¥–æ–∫—É–º–µ–Ω—Ç–∞—Ü–∏—è –Ω–∞ —Ä—É–∫–∞—Ö üëå
–ó–≤–æ–Ω–∏—Ç–µ: 89254683988
WhatsApp Viber Telegram
–í–æ–∑–º–æ–∂–Ω—ã –ø—Ä–æ—Ç–∏–≤–æ–ø–æ–∫–∞–∑–∞–Ω–∏—è. –ù–µ–æ–±—Ö–æ–¥–∏–º–∞ –∫–æ–Ω—Å—É–ª—å—Ç–∞—Ü–∏—è —Å–ø–µ—Ü–∏–∞–ª–∏—Å—Ç–∞.",2021-03-14 12:33:53
216,–î–ª—è –∂–∏—Ç–µ–ª–µ–π –°–∏–±–∏—Ä–∏ –∏ –î–∞–ª—å–Ω–µ–≥–æ –í–æ—Å—Ç–æ–∫–∞ –∑–∞–≥–Ω–∏–≤–∞—é—â–∏–π –∑–∞–ø–∞–¥ - —ç—Ç–æ –ú–æ—Å–∫–≤–∞.,2021-03-11 11:56:42
215,,2021-03-10 20:18:36
212,"–ù–∏—á—Ç–æ —Ç–∞–∫ –Ω–µ —É—Ö—É–¥—à–∞–µ—Ç –∂–∏–∑–Ω—å, –∫–∞–∫ –º–µ—Ä—ã –ø—Ä–∞–≤–∏—Ç–µ–ª—å—Å—Ç–≤–∞ –ø–æ –µ—ë —É–ª—É—á—à–µ–Ω–∏—é.",2021-03-10 14:34:40
211,,2021-03-10 12:31:53
209,–ü–æ–∑–¥—Ä–∞–≤–ª—è—é –≤—Å–µ—Ö —Å –ø—Ä–æ—à–µ–¥—à–∏–º –º–µ–∂–¥—É–Ω–∞—Ä–æ–¥–Ω—ã–º –¥–Ω—ë–º –æ–±–æ–≥–∞—â–µ–Ω–∏—è —Ñ–ª–æ—Ä–∏—Å—Ç–æ–≤.,2021-03-09 13:36:46
206,"–õ—é–±–≤–∏ –≤—Å–µ –≤–æ–∑—Ä–∞—Å—Ç—ã –ø–æ–∫–æ—Ä–Ω—ã, —á–µ–≥–æ –Ω–µ–ª—å–∑—è —Å–∫–∞–∑–∞—Ç—å –æ —Å–µ–∫—Å–µ",2021-03-04 12:40:52
205,–ù–∞—à–µ–ª –≤–æ–∑–ª–µ –º–µ—Ç—Ä–æ –°–≤–∏–±–¥–æ–≤–æ.–í–µ—Ä–Ω—É —Å–æ–±—Å—Ç–≤–µ–Ω–Ω–∏–∫—É,2021-03-04 09:52:26
204,"–ú–µ–Ω—è —á–∞—Å—Ç–æ —É–ø—Ä–µ–∫–∞—é—Ç, —á—Ç–æ —è –∂–∏–≤—É —Ç–æ–ª—å–∫–æ –≤ —Å–≤–æ—ë —É–¥–æ–≤–æ–ª—å—Å—Ç–≤–∏–µ. –ü—Ä–æ—Å—Ç–∏—Ç–µ, –∞ –≤ —á—å—ë —É–¥–æ–≤–æ–ª—å—Å—Ç–≤–∏–µ —è –¥–æ–ª–∂–µ–Ω –∂–∏—Ç—å?!",2021-03-04 09:14:16
196,"–ü–æ—á–µ–º—É-—Ç–æ –∂–∏—Ç–µ–ª–∏ —Å—Ç—Ä–∞–Ω, –ø—Ä–µ–∑–∏–¥–µ–Ω—Ç—ã –∫–æ—Ç–æ—Ä—ã—Ö –≤–æ –≤—Å—ë–º –≤–∏–Ω–æ–≤–∞—Ç—ã, –∂–∏–≤—É—Ç –≥–æ—Ä–∞–∑–¥–æ –ª—É—á—à–µ, —á–µ–º –≤ —Ç–æ–π, –≥–¥–µ –æ–Ω –≤–µ—á–Ω–æ –ø—Ä–∞–≤.",2021-02-15 18:18:04
193,"–ù–∞–¥–µ—é—Å—å, –≤ –∫–∏–Ω–æ—Ç–µ–∞—Ç—Ä–∞—Ö –Ω–∞–≤—Å–µ–≥–¥–∞ –æ—Å—Ç–∞–Ω–µ—Ç—Å—è —Å–æ—Ü–∏–∞–ª—å–Ω–∞—è –¥–∏—Å—Ç–∞–Ω—Ü–∏—è. –¢–∞–∫ –ø–∞—Ä—à–∏–≤–æ –¥–µ–ª–∏—Ç—å —Å –∫–µ–º-—Ç–æ –ø–æ–¥–ª–æ–∫–æ—Ç–Ω–∏–∫.",2021-02-11 08:07:10
188,–í –≤–æ—Å–∫—Ä–µ—Å–µ–Ω—å–µ –≤ –ú–æ—Å–∫–≤–µ –∫–æ–ª–∏—á–µ—Å—Ç–≤–æ –∞—Ä–µ—Å—Ç–æ–≤–∞–Ω–Ω—ã—Ö –≤–ø–µ—Ä–≤—ã–µ –ø—Ä–µ–≤—ã—Å–∏–ª–æ –∫–æ–ª–∏—á–µ—Å—Ç–≤–æ –∑–∞–±–æ–ª–µ–≤—à–∏—Ö.,2021-02-02 17:17:13
184,"–ö—Ç–æ —Å–æ–±–∏—Ä–∞–µ—Ç—Å—è –Ω–∞ –º–∏—Ç–∏–Ω–≥? –ê–Ω–æ–Ω–∏–º–Ω–æ, –ø–æ–∂–∞–ª—É–π—Å—Ç–∞",2021-01-22 17:43:46
183,"–ê –ø–æ–º–Ω–∏—Ç–µ, —Ö–æ–¥–∏–ª–∞ —à—É—Ç–∫–∞, —á—Ç–æ –µ—Å–ª–∏ —Å–ª–æ–∂–∏—Ç—å –≤—Å–µ –¥–µ–Ω—å–≥–∏, –∫–æ—Ç–æ—Ä—ã–µ –º—ã —Å–¥–∞–≤–∞–ª–∏ –Ω–∞ –∫–∞–ø—Ä–µ–º–æ–Ω—Ç, —Ç–æ –º–æ–∂–Ω–æ –ø–æ—Å—Ç—Ä–æ–∏—Ç—å –¥–≤–æ—Ä–µ—Ü? –¢–∞–∫ –≤–æ—Ç —ç—Ç–æ –Ω–µ —à—É—Ç–∫–∞.",2021-01-22 12:31:43
180,"–ù–µ –æ—á–µ–Ω—å –ø—Ä–∏—è—Ç–Ω–æ –æ—Å–æ–∑–Ω–∞–≤–∞—Ç—å, —á—Ç–æ —Å —Ç–æ–±–æ–π –≥–æ—Ç–æ–≤–∞ –≥—É–ª—è—Ç—å —Ç–æ–ª—å–∫–æ —Å–æ–±–∞–∫–∞. –î–∞ —Ç–æ, —Ç–æ–ª—å–∫–æ –ø–æ—Ç–æ–º—É, —á—Ç–æ –æ–Ω–∞ —Ö–æ—á–µ—Ç —Å—Ä–∞—Ç—å.",2021-01-13 17:19:45
177,"–î–æ–±—Ä—ã–π –¥–µ–Ω—å! –ï—Å—Ç—å –∂–µ–ª–∞—é—â–∏–µ –≤ —Ç–µ–ø–ª–æ—Ç–µ —Ä–∞–∑ –≤ –Ω–µ–¥–µ–ª—é, –ø–æ –≤—ã—Ö–æ–¥–Ω—ã–º, –∏–≥—Ä–∞—Ç—å –≤ —Ñ—É—Ç–±–æ–ª? –£—Ä–æ–≤–µ–Ω—å –∏–≥—Ä—ã, –∫–æ–ª–∏—á–µ—Å—Ç–≤–æ —Ñ–∏–Ω–∞–Ω—Å–æ–≤ –Ω–µ –∏–º–µ—é—Ç –∑–Ω–∞—á–µ–Ω–∏—è, –≥–ª–∞–≤–Ω–æ–µ –æ—Ç–≤–µ—Ç—Å—Ç–≤–µ–Ω–Ω–æ—Å—Ç—å –∏ –ø—É–Ω–∫—Ç—É–∞–ª—å–Ω–æ—Å—Ç—å.
–ü–∏—à–∏—Ç–µ –≤ –≤–æ—Ç—Å–∞–ø 8-965-218-59-10",2021-01-08 10:33:00
176,"–ö—Ç–æ-–Ω–∏–±—É–¥—å –≤–∏–¥–µ–ª –ø–∞—Ä–Ω—è —Å —Å–æ–±–∞–∫–æ–π –±–µ—Å–ø–æ—Ä–æ–¥–Ω–æ–π, –∫–æ—Ç–æ—Ä—ã–π –∑–∞–ª–∏–≤–∞–µ—Ç –¥—Ä—É–≥–∏—Ö —Å–æ–±–∞–∫ –≤ –°–≤–∏–±–ª–æ–≤–æ???",2021-01-08 10:31:30
171,"üöÄ –†–∞–∑–º–µ—â–µ–Ω–∏–µ —Ä–µ–∫–ª–∞–º—ã –≤ —Å–æ–æ–±—â–µ—Å—Ç–≤–∞—Ö –ú–æ—Å–∫–≤—ã! üòÉ 
90—Ä./–ø–æ—Å—Ç

üéØ –ü—Ä–∞–π—Å üëâ vk.com/@moskvapodslushano-prais-na-reklamu
üìû +7 (499) 340-80-10
‚úçüèª vk.com/a_malinskaya",2020-12-29 14:09:06
168,"–í–Ω–∏–º–∞–Ω–∏–µ‚Äº
–ù–µ—Å–∫–æ–ª—å–∫–æ –¥–Ω–µ–π –Ω–∞–∑–∞–¥ –≤ —Ä–∞–π–æ–Ω–µ –ú–µ–¥–≤–µ–¥–∫–æ–≤–æ –Ω–∞ —É–ª–∏—Ü—É –±—ã–ª–∞ –±–µ–∑–¥—É—à–Ω–æ –≤—ã–∫–∏–Ω—É—Ç–∞ —Å–æ–±–∞–∫–∞... 
–ù–µ—Å–∫–æ–ª—å–∫–æ –¥–Ω–µ–π –æ–Ω–∞ –Ω–æ—á–µ–≤–∞–ª–∞ –ø–æ–¥ –∑–∞–±–æ—Ä–æ–º –Ω–∞ —Å–Ω–µ–≥—É. –°–µ–π—á–∞—Å –º—ã –æ—Ç–¥–∞–ª–∏ –µ–µ –≤ –ø–ª–∞—Ç–Ω—É—é –ø–µ—Ä–µ–¥–µ—Ä–∂–∫—É, –ø–æ–∫–∞ –Ω–µ –Ω–∞–π–¥—ë–º —Ö–æ–∑—è–∏–Ω–∞. –£—Å–ª—É–≥–∞ –¥–æ—Ä–æ–≥–∞—è, –ø–æ—ç—Ç–æ–º—É –ø—Ä–æ—Å–∏–º –æ—Ç–∫–ª–∏–∫–Ω—É—Ç—å—Å—è –≤—Å–µ–º –Ω–µ—Ä–∞–≤–Ω–æ–¥—É—à–Ω—ã–º, –∫—Ç–æ –¥–∞–≤–Ω–æ –º–µ—á—Ç–∞–ª –∑–∞–≤–µ—Å—Ç–∏ —Å–æ–±–∞–∫—É‚Äº 
–ò–Ω—Ñ–æ:
–ö–æ–±–µ–ª—å, –≤–æ–∑—Ä–∞—Å—Ç –æ–∫–æ–ª–æ –≥–æ–¥–∞, –Ω–æ –Ω–µ –±–æ–ª–µ–µ. –ú–µ—Ç–∏—Å, —Ç–æ—á–Ω–æ –µ—Å—Ç—å –ø–æ–º–µ—Å—å –ª–∞–π–∫–∏. –ê–±—Å–æ–ª—é—Ç–Ω–æ –∑–¥–æ—Ä–æ–≤, 25.12 –ø–æ–ª—É—á–∏–ª –≤–µ—Ç–ø–∞—Å–ø–æ—Ä—Ç —Å–æ –≤—Å–µ–º–∏ –Ω–µ–æ–±—Ö–æ–¥–∏–º—ã–º–∏ –≤–∞–∫—Ü–∏–Ω–∞—Ü–∏—è–º–∏ –∏ –æ–±—Ä–∞–±–æ—Ç–∫–∞–º–∏. –ü—ë—Å –æ—á–µ–Ω—å –¥—Ä—É–∂–µ–ª—é–±–Ω—ã–π –∏ —Å–ø–æ–∫–æ–π–Ω—ã–π, –ø—Ä–µ–∫—Ä–∞—Å–Ω–æ —Å–ª—É—à–∞–µ—Ç –∫–æ–º–∞–Ω–¥—ã. –ü–æ–¥–æ–π–¥—ë—Ç –¥–ª—è —Å–µ–º–µ–π —Å –¥–µ—Ç—å–º–∏. –ü–æ –≤—Å–µ–º –≤–æ–ø—Ä–æ—Å–∞–º –ø–∏—à–∏—Ç–µ/–∑–≤–æ–Ω–∏—Ç–µ 89858150884 –í–∏–∫—Ç–æ—Ä–∏—è",2020-12-27 16:11:23
167,–°–¥–∞—ë—Ç—Å—è –≤ –∞—Ä–µ–Ω–¥—É –º–∞—à–∏–Ω–æ–º–µ—Å—Ç–æ –≤ –°–≤–∏–±–ª–æ–≤–æ,2020-12-27 16:11:21
166,"–í —Ä–∞–π–æ–Ω–µ –∂–∏–ª–æ–≥–æ –¥–æ–º–∞ –Ω–∞ –ò–≥–∞—Ä—Å–∫–æ–º –ø—Ä–æ–µ–∑–¥–µ (–º. –°–≤–∏–±–ª–æ–≤–æ) –æ–±–Ω–∞—Ä—É–∂–µ–Ω –∫–æ—Ç. –û–∫—Ä–∞—Å –ø–æ—Ä–æ–¥–∏—Å—Ç—ã–π, –ª—é–¥–µ–π –Ω–µ –±–æ–∏—Ç—Å—è, –ª–∞—Å—Ç–∏–ª—Å—è, –∫–æ–≥–¥–∞ –≥–ª–∞–¥–∏–ª. –°–∫–æ—Ä–µ–µ –≤—Å–µ–≥–æ –ø–æ—Ç–µ—Ä—è—à–∫–∞. 
–ï—Å–ª–∏ —É–∑–Ω–∞–ª–∏ —Å–≤–æ–µ–≥–æ –ø–∏—Ç–æ–º—Ü–∞, –ø–∏—à–∏—Ç–µ –≤ –ª—Å, —Å–æ–æ–±—â—É, –≥–¥–µ –∏—Å–∫–∞—Ç—å!",2020-12-27 16:10:45
165,"–û—Å—Ç–µ—Ä–µ–≥–∞–π—Ç–µ—Å—å –º–æ—à–µ–Ω–Ω–∏–∫–æ–≤! –ü–µ—Ä–µ–¥ –ø—Ä–∞–∑–¥–Ω–∏–∫–∞–º–∏ –∑–∞–∫–∞–∑–∞–ª –∂–µ–Ω–µ –¥—É—Ö–∏ –æ—Ç –®–∞–Ω–µ–ª—å –∏ –∑–æ–ª–æ—Ç—ã–µ —Å–µ—Ä–µ–∂–∫–∏, –∞ –ø—Ä–∏—Å–ª–∞–ª–∏ –¥–≤–∞ —Å–ø–∏–Ω–Ω–∏–Ω–≥–∞ –∏ —Å—Ç—É–ª—å—á–∏–∫ –¥–ª—è —Ä—ã–±–∞–ª–∫–∏.",2020-12-26 20:24:02
162,"–ùa –º—É—Åo—Äo–ø–µ—Äa–±o—Ç–∫–µ —Äa–±o—Ç–Ω–∏–∫–∏ —Å–øa—Å–ª–∏ –¥o–ºa—à–Ω–µ–≥o –∫o—Ça, –∫o—Ço—Äo–≥o –≤—ã–∫–∏–Ω—É–ª–∏ –≤ –º–µ—à–∫–µ. –°o—Ç—Ä—É–¥–Ω–∏–∫ –Ωa –∫o–Ω–≤–µ–π–µ—Ä–µ –≤ –øo—Å–ª–µ–¥–Ω–∏–π –ºo–º–µ–Ω—Ç —Å–Ω—è–ª –µ–≥o —Å –ª–µ–Ω—Ç—ã –∏ –≤—ã–∑–≤o–ª–∏–ª –∏–∑ –ªa–ø –∫o—àa—á—å–µ–π —Å–º–µ—Ä—Ç–∏.",2020-12-23 11:43:25
161,,2020-12-22 14:32:04
158,"–í –ú–æ—Å–∫–≤–µ –Ω–∞—à–ª–∏ 119-–ª–µ—Ç–Ω—é—é –ø–µ–Ω—Å–∏–æ–Ω–µ—Ä–∫—É.
""–í–æ—Ç —Å—É–∫–∞!"" - –ø—Ä–æ–∫–æ–º–º–µ–Ω—Ç–∏—Ä–æ–≤–∞–ª –ü–µ–Ω—Å–∏–æ–Ω–Ω—ã–π —Ñ–æ–Ω–¥.",2020-12-18 15:33:21
157,,2020-12-18 13:36:05
154,"01.12.2020
 –ü—Ä–æ–ø–∞–ª–∞ –Ω–∞—à–ª–∞ –ª—é–±–∏–º–∞—è —Å–æ–±–∞–∫–∞.
 –ö–ª–∏—á–∫–∞ –ù–∞—Ñ–∞–Ω—è, –ø–æ—Ä–æ–¥–∞ –ë—Ä—é—Å—Å–µ–ª—å—Å–∫–∏–π –≥—Ä–∏—Ñ—Ñ–æ–Ω
 –ï—Å–ª–∏ –∫—Ç–æ –≤–∏–¥–µ–ª –æ—Ç–∑–æ–≤–∏—Ç–µ—Å—å –ø–æ–∂–∞–ª—É–π—Å—Ç–∞!!!
 89057470976
 89035098493
 –ë—ã–ª–∞ –æ–¥–µ—Ç–∞ –≤ –∫–æ—Å—Ç—é–º!
 –ü—Ä–æ–ø–∞–ª–∞ —Ä–∞–π–æ–Ω –°–≤–∏–±–ª–æ–≤–æ, —É–ª. –õ–µ—Ç—á–∏–∫–∞ –±–∞–±—É—à–∫–∏–Ω–∞ –¥–æ–º 11–∫2",2020-12-18 12:18:57
153,"–ù–µ –∏–∑–º–µ–Ω—è—é, –Ω–µ –¥–∞—é –¥–∞–∂–µ –ø–æ–≤–æ–¥–∞ –¥–ª—è —Ä–µ–≤–Ω–æ—Å—Ç–∏. –ê –º–æ–ª–æ–¥–æ–π —á–µ–ª–æ–≤–µ–∫ —Ä–µ–≤–Ω—É–µ—Ç –≤—Å–µ —Ä–∞–≤–Ω–æ. –í–æ—Ç –∫–∞–∫ —Ç–∞–∫–æ–≥–æ —É—Å–ø–æ–∫–æ–∏—Ç—å? –ê–Ω–æ–Ω–∏–º–Ω–æ",2020-12-18 11:38:45
146,,2020-12-08 15:06:41
140,"–†–æ—Å—Å–∏—è–Ω–∏–Ω, –ø–æ–º–Ω–∏! –ó–∞–±–æ—Ç—è—Å—å –æ —Å–≤–æ—ë–º –∑–¥–æ—Ä–æ–≤—å–µ, —Ç—ã —Å—Ç–∞–≤–∏—à—å –≤ –∑–∞—Ç—Ä—É–¥–Ω–∏—Ç–µ–ª—å–Ω–æ–µ –ø–æ–ª–æ–∂–µ–Ω–∏–µ –ü–µ–Ω—Å–∏–æ–Ω–Ω—ã–π —Ñ–æ–Ω–¥.",2020-11-30 11:18:49
139,"–†–û–ó–´–°–ö!‚Äº 
 
–ü–æ–∂–∞–ª—É–π—Å—Ç–∞üôè–ú–∞–∫—Å–∏–º–∞–ª—å–Ω—ã–π —Ä–µ–ø–æ—Å—Ç‚ùó 
 
–ü–æ–º–æ–≥–∏—Ç–µ —Ä–∞—Å–ø—Ä–æ—Å—Ç—Ä–∞–Ω—è—Ç—å, –ø—Ä–æ–ø–∞–ª —Ä–æ–¥—Å—Ç–≤–µ–Ω–Ω–∏–∫ –¥—Ä—É–≥–∞! –°–ø–∞—Å–∏–±–æ –∑–∞ —Ä–µ–ø–æ—Å—Ç –∏ –ø–æ—Å–∏–ª—å–Ω—É—é –ø–æ–º–æ—â—å!",2020-11-30 11:18:45
138,,2020-11-29 12:05:32
137,"–ù—É –Ω–∞—à–ª–∞ –∂–µ –¥—É—Ä–∞ –≤—Ä–µ–º—è –∫–æ–≥–¥–∞ –≤–æ–¥–∫—É –≤ –±—É—Ç—ã–ª–∫–µ –≤–æ–¥–æ–π –ø–æ–¥–º–µ–Ω–∏—Ç—å! –ù–∞–ª–∏–ª, –∑–∞–º–∞—Ö–Ω—É–ª —Ä—é–º–∞—à–∫—É - –Ω–∏ –∑–∞–ø–∞—Ö–∞, –Ω–∏ –≤–∫—É—Å–∞. –ß—É—Ç—å –Ω–µ –ø–æ—Å–µ–¥–µ–ª.",2020-11-29 11:37:30
129,,2020-11-28 09:00:06
128,"–ï—Å–ª–∏ –≤—ã –±–µ–≥–∞–µ—Ç–µ –ø–æ —É—Ç—Ä–∞–º –≤ –ø–∞—Ä–∫–µ, –∞ –æ–± —ç—Ç–æ–º –Ω–∏–∫—Ç–æ –Ω–µ –∑–Ω–∞–µ—Ç, —Ç–æ —ç—Ç–æ –Ω–µ —Å—á–∏—Ç–∞–µ—Ç—Å—è.",2020-11-28 06:00:04
127,"–í–æ—Ç —ç—Ç–æ –ø–æ–≤–æ—Ä–æ—Ç! –í –ú–æ—Å–∫–≤–µ –∑–∞–ø—É—Å—Ç–∏–ª–∏ –∫–æ–Ω–∫—É—Ä—Å, –ø–æ –∏—Ç–æ–≥–∞–º –∫–æ—Ç–æ—Ä–æ–≥–æ —Å—Ç–∞–Ω–µ—Ç –∏–∑–≤–µ—Å—Ç–µ–Ω –Ω–æ–≤—ã–π –≤–∏–¥ –º–æ—Å–∫–æ–≤—Å–∫–∏—Ö —Ä–∞–π–æ–Ω–æ–≤. –£ 89 –ø—Ä–æ–µ–∫—Ç–æ–≤ –ø–ª–∞–Ω–∏—Ä–æ–≤–∫–∏ –ø–æ—è–≤–∏—Ç—Å—è —Å–≤–æ–π –∏–Ω—Ç–µ—Ä–µ—Å–Ω—ã–π —Ñ–∏—Ä–º–µ–Ω–Ω—ã–π —Å—Ç–∏–ª—å.

–ú–æ–∂–µ—Ç, —Ç–æ–≥–¥–∞ –∏ –∂–∏—Ç–µ–ª—è–º –æ–¥–µ–≤–∞—Ç—å—Å—è –≤ –∑–∞–≤–∏—Å–∏–º–æ—Å—Ç–∏ —Ä–∞–π–æ–Ω–∞ –ø—Ä–æ–∂–∏–≤–∞–Ω–∏—è? –ò —Å—Ä–∞–∑—É –±—É–¥–µ—Ç —è—Å–Ω–æ, —á—Ç–æ —Ç–æ—Ç, –≤ –∫–æ—Å—Ç—é–º–µ –º–µ–¥–≤–µ–¥—è, –∏–∑ –ú–µ–¥–≤–µ–¥–∫–æ–≤–æ, –∞ –ø–∞—Ä–µ–Ω—ë–∫ –≤ —à–ª—è–ø–µ –∏ —Å –±–∞–∫–µ–Ω–±–∞—Ä–¥–∞–º–∏ —Å –ü—É—à–∫–∏–Ω—Å–∫–æ–π!

–ü–æ–¥—Å–ª—É—à–∞–Ω–æ –≤ [club87725380|@genplan_institute]",2020-11-27 18:29:59
126,"–°—Ä–µ–¥–Ω–∏–π –∫–ª–∞—Å—Å –≤ –†–æ—Å—Å–∏–∏ ‚Äî —ç—Ç–æ —Ç–µ –ª—é–¥–∏, –∫–æ—Ç–æ—Ä—ã–º –≤ –º–∞–≥–∞–∑–∏–Ω–µ –≥–æ–≤–æ—Ä—è—Ç:
- –¢—É—Ç –∫–æ–ª–±–∞—Å–∫–∏ —á—É—Ç—å –±–æ–ª—å—à–µ –ø–æ–ª–∫–∏–ª–æ –≤—ã—à–ª–æ.
–ê –æ–Ω–∏ –æ—Ç–≤–µ—á–∞—é—Ç:
- –î–∞ –æ—Å—Ç–∞–≤—å—Ç–µ.",2020-11-27 12:45:53
120,"–°–≤–∏–±–ª–æ–≤–æ. –ú–∏–ª—ã–π –∫–æ—Ç—ë–Ω–æ–∫ –ú—É—Ä–∏–∫ –≤—Å—ë –µ—â—ë –í –ü–û–ò–°–ö–ê–• –î–û–ú–ê –∏ –Ω–∞–¥–µ–∂–Ω–æ–≥–æ —Ö–æ–∑—è–∏–Ω–∞.üôèüèª –ú–∞–ª—ã—à—É —É–∂–µ 4 –º–µ—Å—è—Ü–∞. –í—ã—Ä–æ—Å, —Å—Ç–∞–ª —Å—Ç–∞—Ç–Ω—ã–º, —Å—Ç—Ä–æ–π–Ω—ã–º –∫–æ—Ç–∏–∫–æ–º.‚òÄ –ì–ª–∞–∑–∏–∫ –µ–º—É —Å–ø–∞—Å–ª–∏, –≤–∏–¥–∏—Ç –∏–º –ø—Ä–∏–º–µ—Ä–Ω–æ –Ω–∞ 70%. 
–ù–∞—Ö–æ–¥–∏—Ç—Å—è –≤ –ú–æ—Å–∫–≤–µ, –º. –°–≤–∏–±–ª–æ–≤–æ. –û–ß–ï–ù–¨-–û–ß–ï–ù–¨ –Ω—É–∂–¥–∞–µ—Ç—Å—è –≤ –¥–æ–º–µ, –∑–∏–º–æ–π –Ω–∞ —É–ª–∏—Ü–µ –Ω–µ –≤—ã–∂–∏—Ç—å!",2020-11-27 10:31:26
119,–ì–æ—Å–¥—É–º–∞ –ø—Ä–∏–Ω—è–ª–∞ –∑–∞–∫–æ–Ω –æ –ø–µ—Ä–µ–∏–º–µ–Ω–æ–≤–∞–Ω–∏–∏ –Ω–∞–∫–æ–ø–∏—Ç–µ–ª—å–Ω–æ–π —á–∞—Å—Ç–∏ –ø–µ–Ω—Å–∏–∏ —Ä–æ—Å—Å–∏—è–Ω –≤ —Ä–∞—Å—Ö–∏—Ç–∏—Ç–µ–ª—å–Ω—É—é.,2020-11-27 09:53:48
113,–ë–µ–ª–æ—á–∫–∞ –≤ –Ω–∞—à–µ–º –ø–∞—Ä–∫–µ —É–∂–µ –ø–æ–º–µ–Ω—è–ª–∞ —à—É–±–∫—É –∫ –∑–∏–º–µ üêø‚ùÑ,2020-11-27 09:22:46
112,"–ò—â—É —Ä–∞–±–æ—Ç—É –ø—Ä–æ–¥–∞–≤—Ü–∞ –æ—Ç 45 —Ç—Ä –≤ –°–≤–∏–±–ª–æ–≤–æ, –æ–ø—ã—Ç —Ä–∞–±–æ—Ç—ã –±–æ–ª–µ–µ 5 –ª–µ—Ç. –î–µ–≤—É—à–∫–∞ 26 –ª–µ—Ç. –ê–Ω–æ–Ω–∏–º–Ω–æ",2020-11-27 09:20:43
108,"—Å–µ–≥–æ–¥–Ω—è, –∏–º–µ–ª–∞ ""—Å—á–∞—Å—Ç—å–µ"" –ø—Ä–æ–∫–∞—Ç–∏—Ç—å—Å—è —Å–µ–≥–æ–¥–Ω—è –Ω–∞ –Ω–æ–≤–µ–Ω—å–∫–æ–º –∞–≤—Ç–æ–±—É—Å–µ –º–∞—Ä—à—Ä—É—Ç–∞ 567. –°–Ω–∞—á–∞–ª–∞ –∏—Å–ø—ã—Ç–∞–ª–∞ —É–¥–æ–≤–æ–ª—å—Å—Ç–≤–∏–µ –æ—Ç –Ω–æ–≤–æ–≥–æ —Ç—Ä–∞–Ω—Å–ø–æ—Ä—Ç–∞ –∏ –≤–æ–∑–º–æ–∂–Ω–æ—Å—Ç–∏ –Ω–∞–∫–æ–Ω–µ—Ü –¥–æ–±–∏—Ä–∞—Ç—å—Å—è –¥–æ –º–µ—Ç—Ä–æ –Ω–µ –Ω–∞ –ø–æ–¥–Ω–æ–∂–∫–µ –º–∞—Ä—à—Ä—É—Ç–∫–∏, –¥—ã—à–∞ –≤ —Å–ø–∏–Ω—É –¥—Ä—É–≥–∏–º –ø–∞—Å—Å–∞–∂–∏—Ä–∞–º, –∞ –∫–∞–∫ ""–±–µ–ª—ã–π —á–µ–ª–æ–≤–µ–∫"", —Å–∏–¥—è –Ω–∞ —Å–∏–¥–µ–Ω–∏–∏. –ö —Å–æ–∂–∞–ª–µ–Ω–∏—é, –≤–æ—Å—Ç–æ—Ä–≥–∏ –±—ã—Å—Ç—Ä–æ —É–ª–µ—Ç—É—á–∏–ª–∏—Å—å. –ï—Å—Ç—å –±–æ–ª—å—à–∏–µ —Å–æ–º–Ω–µ–Ω–∏—è –≤ –Ω–∞–ª–∏—á–∏–∏ –≤–æ–¥–∏—Ç–µ–ª—å—Å–∫–∏—Ö –ø—Ä–∞–≤ —É –≤–æ–¥–∏—Ç–µ–ª—è-""–∏–Ω–æ—Å—Ç—Ä–∞–Ω—Ü–∞"". –ú–∞—à–∏–Ω—É –ø—Ä–∏ –º–∞–ª–µ–π—à–µ–º —Ç–æ—Ä–º–æ–∂–µ–Ω–∏–∏ –¥–µ—Ä–≥–∞–ª–æ —Ç–∞–∫, —á—Ç–æ –ª—é–¥–∏ —Å–æ—Å–∫–∞–∫–∏–≤–∞–ª–∏ —Å —Å–∏–¥–µ–Ω–∏–π. –ù–∞ –ø–æ–≤–æ—Ä–æ—Ç–∞—Ö –µ–≥–æ —Å–∏–ª—å–Ω–æ ""–∑–∞–Ω–æ—Å–∏–ª–æ"". –ê –∫–æ–≥–¥–∞ –≤–æ–¥–∏—Ç–µ–ª—å, –∑–∞–µ—Ö–∞–≤ –≤ –ú—ã—Ç–∏—â–∏, —Å–ø—Ä–æ—Å–∏–ª —É –ø–∞—Å—Å–∞–∂–∏—Ä–æ–≤ –Ω–∞ –∫–∞–∫–æ–º —Å–≤–µ—Ç–æ—Ñ–æ—Ä–µ –µ–º—É –Ω—É–∂–Ω–æ –ø–æ–≤–µ—Ä–Ω—É—Ç—å, –≤ –∞–≤—Ç–æ–±—É—Å–µ –≤–æ–∑–Ω–∏–∫–ª–∞ –≥—Ä–æ–±–æ–≤–∞—è —Ç–∏—à–∏–Ω–∞.. –ö–æ—Ä–æ—á–µ, –µ—Å—Ç—å –≤–ø–µ—á–∞—Ç–ª–µ–Ω–∏–µ, —á—Ç–æ –¥–∞–Ω–Ω—ã–π –º–∞—Ä—à—Ä—É—Ç, –ø–µ—Ä–µ–≤–æ–∑—á–∏–∫ –ê–≤—Ç–æ–ª–∞–π–Ω - –∞—Ç—Ç—Ä–∞–∫—Ü–∏–æ–Ω –¥–ª—è —ç–∫—Å—Ç—Ä–µ–º–∞–ª–æ–≤. –í —Å–ª–µ–¥—É—é—â–∏–π —Ä–∞–∑ –ø–æ–¥—É–º–∞—é, —Å–∞–¥–∏—Ç—å—Å—è –ª–∏ –≤ —ç—Ç–æ—Ç –∞–≤—Ç–æ–±—É—Å –∏–ª–∏ –ø–æ–¥–æ–∂–¥–∞—Ç—å –¥—Ä—É–≥–æ–π –º–∞—Ä—à—Ä—É—Ç..",2020-11-27 09:18:05
107,–ó–¥—Ä–∞–≤—Å—Ç–≤—É–π—Ç–µ! –ü–æ–º–æ–≥—É –≤—Å–µ–º –∂–µ–ª–∞—é—â–∏–º –∏–∑—É—á–∏—Ç—å –∞–Ω–≥–ª–∏–π—Å–∫–∏–π —è–∑—ã–∫ –ø—Ä–æ—Ñ–µ—Å—Å–∏–æ–Ω–∞–ª—å–Ω–æ! üòä –°–≤–∏–±–ª–æ–≤–æ - –º–æ–π —Ä–∞–π–æ–Ω! –í—Å–µ–º —Ö–æ—Ä–æ—à–µ–≥–æ –¥–Ω—è! üòâ,2020-11-27 05:00:08
104,"20.11.2020 
–ù–∞–π–¥–µ–Ω–∞ –∫–æ—à–∫–∞! 
 
–ó–∞—à–ª–∞ –≤ –æ—Ñ–∏—Å (–∂–∫ –¢—Ä–∏–∫–æ–ª–æ—Ä) –∏ –Ω–µ —É—Ö–æ–¥–∏—Ç. –ü–æ—Ö–æ–∂–µ, —á—Ç–æ –¥–æ–º–∞—à–Ω—è—è - –ª–∞—Å–∫–æ–≤–∞—è, —Ä—É—á–Ω–∞—è, —Ç—è–Ω–µ—Ç—Å—è –∫ —á–µ–ª–æ–≤–µ–∫—É. 
–ü–æ –≤–æ–∑—Ä–∞—Å—Ç—É - –ø—Ä–∏–º–µ—Ä–Ω–æ 5-12 –º–µ—Å—è—Ü–µ–≤. 
–•–æ–∑—è–µ–≤–∞, –Ω–∞–π–¥–∏—Ç–µ—Å—å! 
 
8-967-191-16-11 –û–∫—Å–∞–Ω–∞.",2020-11-26 20:46:25
102,–û—Ö—Ä–∞–Ω–Ω–∏–∫—É –≤ —Å—É–ø–µ—Ä–º–∞—Ä–∫–µ—Ç–µ –Ω–µ –≤—ã–¥–∞–ª–∏ —Ç–µ—Ä–º–æ–º–µ—Ç—Ä –∏ –æ–Ω –ø—Ä–∏ –≤—Ö–æ–¥–µ –ø—Ä–æ—Å—Ç–æ –≤—Å–µ—Ö —Ü–µ–ª–æ–≤–∞–ª –≤ –ª–æ–±.,2020-11-20 18:12:10
98,"–í—Ä–∞—á —Å–∫–æ—Ä–æ–π –ø–æ–º–æ—â–∏ –∑–∞—Å—É–¥–∏–ª–∞ –∂–µ–Ω—â–∏–Ω—É, –∫–æ—Ç–æ—Ä–∞—è –ø–æ–ø—Ä–æ—Å–∏–ª–∞ –µ–µ –Ω–∞–¥–µ—Ç—å –±–∞—Ö–∏–ª—ã

–í –¥–µ–∫–∞–±—Ä–µ 2019 –≥–æ–¥—É —Ñ–µ–ª—å–¥—à–µ—Ä —Å–∫–æ—Ä–æ–π –≤—ã–µ—Ö–∞–ª–∞ –ø–æ –≤—ã–∑–æ–≤—É, –Ω–æ –≤–æ—Ç –∫ –±–æ–ª—å–Ω–æ–º—É –ø–æ–ø–∞—Å—Ç—å –Ω–µ —Å–º–æ–≥–ª–∞. –ñ–µ–Ω–∞ –º—É–∂—á–∏–Ω—ã, –∫–æ—Ç–æ—Ä–æ–º—É –±—ã–ª–∞ –Ω–µ–æ–±—Ö–æ–¥–∏–º–∞ –ø–æ–º–æ—â—å, –æ—Ç–∫–∞–∑–∞–ª–∞—Å—å –ø—É—Å–∫–∞—Ç—å –µ–µ –≤ –∫–≤–∞—Ä—Ç–∏—Ä—É –±–µ–∑ –±–∞—Ö–∏–ª. –£—Ç–≤–µ—Ä–∂–¥–∞–ª–∞, —á—Ç–æ –Ω–∞ —É–ª–∏—Ü–µ –≥—Ä—è–∑–Ω–æ, –∞ —É –Ω–µ–µ –≤ –¥–æ–º–µ –¥–≤–æ–µ –º–∞–ª–µ–Ω—å–∫–∏—Ö –¥–µ—Ç–µ–π.

–§–µ–ª—å–¥—à–µ—Ä –æ—Ç–∫–∞–∑–∞–ª–∞—Å—å, —è–∫–æ–±—ã –∏–∑-–∑–∞ —Ä–∏—Å–∫–∞ —Ç—Ä–∞–≤–º–∞—Ç–∏–∑–º–∞, —Ä–∞–∑–≤–µ—Ä–Ω—É–ª–∞—Å—å –∏ —É–µ—Ö–∞–ª–∞. –ê –µ—â–µ –∏ –ø–æ–¥–∞–ª–∞ –≤ —Å—É–¥ –Ω–∞ –ª—é–±–∏—Ç–µ–ª—å–Ω–∏—Ü—É —á–∏—Å—Ç–æ—Ç—ã.

–ù–µ–¥–∞–≤–Ω–æ —Å—É–¥ –æ–±—è–∑–∞–ª —á–∏—Å—Ç—é–ª—é –≤—ã–ø–ª–∞—Ç–∏—Ç—å –≤—Ä–∞—á—É 30 000 —Ä—É–±–ª–µ–π –∑–∞ –º–æ—Ä–∞–ª—å–Ω—ã–π —É—â–µ—Ä–±.",2020-11-05 19:52:58
90,"–ü—Ä–∏—Å–Ω–∏–ª—Å—è —Å–æ–Ω: –±—É–¥—Ç–æ –Ω–∞ –¥–≤–æ—Ä–µ –ª–µ—Ç–æ 2021 –≥–æ–¥–∞, –≤ –º–∏—Ä–µ –±—É—à—É–µ—Ç –ø–∞–Ω–¥–µ–º–∏—è –Ω–æ–≤–æ–≥–æ –∫–∏—à–µ—á–Ω–æ–≥–æ –≤–∏—Ä—É—Å–∞, –∏ –º—ã –≤—Å–µ —Ç–∞–∫–∏–µ —Ö–æ–¥–∏–º –≤ –ø–∞–º–ø–µ—Ä—Å–∞—Ö –∏ –æ–±—Å—É–∂–¥–∞–µ–º, —á—Ç–æ –≤ 2020-–º –≤ –º–∞—Å–∫–∞—Ö –±—ã–ª–æ –≥–æ—Ä–∞–∑–¥–æ –ª—É—á—à–µ.",2020-10-07 17:23:48
89,,2020-10-06 09:41:41
88,"–ú–æ—Å–∫–≤–∏—á–∏ –Ω–∞—Å—Ç–æ–ª—å–∫–æ –±–æ–≥–∞—Ç—ã–µ, —á—Ç–æ –≤—ã–±—Ä–∞—Å—ã–≤–∞—é—Ç –æ–¥–Ω–æ—Ä–∞–∑–æ–≤—ã–µ –º–∞—Å–∫–∏ –ø–æ—Å–ª–µ –ø—è—Ç–æ–π —Å—Ç–∏—Ä–∫–∏.",2020-10-04 19:42:20
81,"""–¢—ã —É***–∫, —è –º–æ—Å–∫–≤–∏—á–∫–∞"" - –≤ —Ç–∞–∫–∏—Ö –≤—ã—Ä–∞–∂–µ–Ω–∏—è—Ö —Å–∏–ª—å–Ω–æ –Ω–µ–∞–¥–µ–∫–≤–∞—Ç–Ω–∞—è, –ø—å—è–Ω–∞—è –¥–∞–º–∞ —É—Å—Ç—Ä–æ–∏–ª–∞ –∏—Å—Ç–µ—Ä–∏–∫—É —Ç–∞–∫—Å–∏—Å—Ç—É. –ì–µ—Ä–æ–∏–Ω—è —ç—Ç–∏—Ö –∫–∞–¥—Ä–æ–≤ –ø–µ—Ä–µ–ø–ª—é–Ω—É–ª–∞ –Ø–Ω—É ""–≤–µ–∑–∏–º–µ–Ω—è–º—Ä–∞–∑—å"" - –æ–Ω–∞ –æ–±–º–æ—á–∏–ª–∞—Å—å –≤ —Å–∞–ª–æ–Ω–µ –º–∞—à–∏–Ω—ã, —á–µ–º-—Ç–æ –æ–±–ª–∏–ª–∞ —Å–∞–º—É —Å–µ–±—è, –∞ –ø–æ—Å–ª–µ –Ω–∞—á–∞–ª–∞ –ø–æ–ª–∏–≤–∞—Ç—å –≥—Ä—è–∑—å—é –∏–∑ —Å–ª–æ–≤ —Å–∞–º–æ–≥–æ –≤–æ–¥–∏—Ç–µ–ª—è, –¥–∞ –µ—â–µ –∏ –æ—Ç–∫–∞–∑–∞–ª–∞—Å—å –ø–ª–∞—Ç–∏—Ç—å –∑–∞ –ø–æ–µ–∑–¥–∫—É, –∫–∞–∫–∏–µ-—Ç–æ 600 —Ä—É–±–ª–µ–π. –í–æ–¥–∏—Ç–µ–ª—å —Ä–∞—Å—Å–∫–∞–∑–∞–ª –¢–ö ¬´360¬ª, —á—Ç–æ –º—É–∂ –∂–µ–Ω—â–∏–Ω—ã, –ø—Ä–∏–µ—Ö–∞–≤ –µ–µ –∑–∞–±–∏—Ä–∞—Ç—å, –æ–∫–∞–∑–∞–ª—Å—è ¬´–æ—á–µ–Ω—å –ø—Ä–∏—è—Ç–Ω—ã–º —á–µ–ª–æ–≤–µ–∫–æ–º¬ª. –í–∏–¥–∏–º–æ, –ø—Ä–∏–≤—ã–∫ —É–∂–µ –∫ –Ω–µ–π ‚Äì –ø–æ–¥—ã—Ç–æ–∂–∏–ª –ù—É—Ä–¥–æ–æ–ª–æ—Ç.",2020-08-30 11:30:01
80,"–û—Ç–¥–∞–º –≤ –¥–æ–±—Ä—ã–µ,–ª—é–±—è—â–∏–µ —Ä—É–∫–∏ !
–ö–æ—Ç—ë–Ω–∫–∞ –≤—ã–±—Ä–æ—Å–∏–ª–∏,–Ω–µ —Å–º–æ–≥–ª–∞ –ø—Ä–æ–π—Ç–∏ –º–∏–º–æ.–û—á–µ–Ω—å –ª–∞—Å–∫–æ–≤—ã–π –º–∞–ª—å—á–∏–∫ ,–∫—É—à–∞–µ—Ç –∞–±—Å–æ–ª—é—Ç–Ω–æ –≤—Å–µ. –ù–µ –º–æ–≥—É –æ—Å—Ç–∞–≤–∏—Ç—å ,—Ç–∫ –∫–æ—à–∫–∞ –ø–ª–æ—Ö–æ —Ä–µ–∞–≥–∏—Ä—É–µ—Ç –Ω–∞ –Ω–µ–≥–æ . –û—á–µ–Ω—å –¥–æ–±—Ä—ã–π –∏ —É–º–Ω—ã–π.",2020-08-29 22:00:51
78,"–î—Ä—É–∑—å—è, –º—ã –æ—Ç–∫—Ä—ã–ª–∏—Å—å üòÉ –í—Å–µ–º —Å—é–¥–∞!

8 –∞–≤–≥—É—Å—Ç–∞ —Å–æ—Å—Ç–æ—è–ª–æ—Å—å –æ—Ç–∫—Ä—ã—Ç–∏–µ Global Events PARK ‚Äì –¢–µ—Ä—Ä–∏—Ç–æ—Ä–∏–∏ –¢–≤–æ—Ä—á–µ—Å–∫–∏—Ö –≠–∫—Å–ø–µ—Ä–∏–º–µ–Ω—Ç–æ–≤ ‚úÖ facebook.com/globaleventspark

–ñ–∏–≤–∞—è –º—É–∑—ã–∫–∞, –∫–æ–Ω—Ü–µ—Ä—Ç–Ω—ã–µ –ø—Ä–æ–≥—Ä–∞–º–º—ã, —Ñ–µ—Å—Ç–∏–≤–∞–ª–∏, –º–∞—Ä–∫–µ—Ç—ã –µ–¥—ã –∏ –º–Ω–æ–≥–æ —á–µ–≥–æ –µ—â–µ + –æ–≥—Ä–æ–º–Ω–æ–µ –ø—Ä–æ—Å—Ç—Ä–∞–Ω—Å—Ç–≤–æ –¥–ª—è –æ—Ç–¥—ã—Ö–∞ –Ω–∞ —Å–≤–µ–∂–µ–º –≤–æ–∑–¥—É—Ö–µ.

–ë–ª–∏–∂–∞–π—à–µ–µ –º–µ—Ä–æ–ø—Ä–∏—è—Ç–∏–µ 29 –∞–≤–≥—É—Å—Ç–∞ 2020 ‚Äî –∫–æ–Ω—Ü–µ—Ä—Ç –≥—Ä—É–ø–ø—ã –ê–Ω–∏–º–∞—Ü–∏—è ¬´–ö–ï–†–û–°–ò–ù–ù–ò–ö –ù–ê –°–í–ï–ñ–ï–ú –í–û–ó–î–£–•–ï¬ª ‚úÖ vk.com/animaciyainfo

–ë–∏–ª–µ—Ç—ã –º–æ–∂–Ω–æ –∫—É–ø–∏—Ç—å ‚úÖ orbita.16tons.ru –ª–∏–±–æ –≤ –∫–∞—Å—Å–µ –Ω–∞ –≤—Ö–æ–¥–µ –≤ PARK. –í–∞—Å –∂–¥–µ—Ç —Å—É–ø–µ—Ä-–ø–æ–∑–∏—Ç–∏–≤–Ω—ã–π –±–µ–∑–≥—Ä–∞–Ω–∏—á–Ω—ã–π —Ä–æ–∫-–Ω-—Ä–æ–ª–ª—å–Ω—ã–π —É–≥–∞—Ä!

üìç yandex.ru/maps/-/CCQty2GQsC",2020-08-25 19:05:12
77,"–ö–∞–∫ –±—É–¥—Ç–æ –≤ —Å–æ—Å–µ–¥–Ω–µ–º –∫–ª–∞—Å—Å–µ –¥–µ—Ç–∏ —Ä–µ—à–∏–ª–∏—Å—å –≤–º–µ—Å—Ç–µ –Ω–∞–≤–∞–ª—è—Ç—å –¥–æ—Å—Ç–∞–≤—à–µ–º—É –≤—Å–µ—Ö –≥–æ–ø–Ω–∏–∫—É, –∞ –º—ã –∂–¥—ë–º, —á—Ç–æ –Ω–∞—à –ø–æ—Å–ª–µ –¥–µ–≤—è—Ç–æ–≥–æ –∫–ª–∞—Å—Å–∞ —É–π–¥—ë—Ç.",2020-08-21 12:02:42
74,"–£–≤–∞–∂–∞–µ–º—ã–µ –∫–ª–∏–µ–Ω—Ç—ã! –ó–∞–∫–∞–∑—ã–≤–∞—è –ø–∞–º—è—Ç–Ω–∏–∫ –≤ –∫–æ–º–ø–∞–Ω–∏–∏ –û–û–û ¬´–ì—Ä–∞–¥-–≠–∫—Å¬ª, –í—ã –º–æ–∂–µ—Ç–µ –Ω–µ –±–µ—Å–ø–æ–∫–æ–∏—Ç—å—Å—è –æ—Ç–Ω–æ—Å–∏—Ç–µ–ª—å–Ω–æ –æ—Ä–≥–∞–Ω–∏–∑–∞—Ü–∏–æ–Ω–Ω—ã—Ö –º–æ–º–µ–Ω—Ç–æ–≤, —Å–≤—è–∑–∞–Ω–Ω—ã—Ö —Å –µ–≥–æ —É—Å—Ç–∞–Ω–æ–≤–∫–æ–π. –ö–æ–º–ø–∞–Ω–∏—è –±–æ–ª–µ–µ 20 –ª–µ—Ç –Ω–∞ —Ä—ã–Ω–∫–µ. –ù–∞—à–∏ —Å–ø–µ—Ü–∏–∞–ª–∏—Å—Ç—ã –ø–æ–º–æ–≥—É—Ç –æ—Ñ–æ—Ä–º–∏—Ç—å —Ä–∞–∑—Ä–µ—à–µ–Ω–∏–µ, –∫–æ—Ç–æ—Ä–æ–µ —Ç—Ä–µ–±—É–µ—Ç—Å—è –≤ —Å–æ–æ—Ç–≤–µ—Ç—Å—Ç–≤–∏–∏ —Å –∑–∞–∫–æ–Ω–æ–¥–∞—Ç–µ–ª—å—Å—Ç–≤–æ–º. –£ –Ω–∞—Å –µ—Å—Ç—å –≤—Å–µ –Ω–µ–æ–±—Ö–æ–¥–∏–º—ã–µ –¥–æ–∫—É–º–µ–Ω—Ç—ã –¥–ª—è —Ç–æ–≥–æ, —á—Ç–æ–±—ã —É—Å—Ç–∞–Ω–∞–≤–ª–∏–≤–∞—Ç—å –ø–∞–º—è—Ç–Ω–∏–∫–∏ –Ω–∞ –∫–ª–∞–¥–±–∏—â–∞—Ö –ú–æ—Å–∫–≤—ã –∏ –ú–æ—Å–∫–æ–≤—Å–∫–æ–π –æ–±–ª–∞—Å—Ç–∏. –ü–æ—Å–ª–µ –ø—Ä–æ–≤–µ–¥–µ–Ω–∏—è —Ä–∞–±–æ—Ç –≤—ã –ø–æ–ª—É—á–∏—Ç–µ —ç–∫–∑–µ–º–ø–ª—è—Ä —Ä–∞–∑—Ä–µ—à–µ–Ω–∏—è, –∫–æ—Ç–æ—Ä—ã–π –æ–≥—Ä–∞–¥–∏—Ç –í–∞—Å –æ—Ç –ª—é–±—ã—Ö –ø—Ä–µ—Ç–µ–Ω–∑–∏–π –≤ –±—É–¥—É—â–µ–º.

–í–Ω–∏–º–∞–Ω–∏–µ, –º–æ—à–µ–Ω–Ω–∏–∫–∏! –°—Ç—Ä–µ–º—è—Å—å –º–æ–Ω–æ–ø–æ–ª–∏–∑–∏—Ä–æ–≤–∞—Ç—å —Ä—ã–Ω–æ–∫ –∏–∑–≥–æ—Ç–æ–≤–ª–µ–Ω–∏—è –Ω–∞–¥–≥—Ä–æ–±–∏–π, –Ω–µ–∫–æ—Ç–æ—Ä—ã–µ —Å–æ—Ç—Ä—É–¥–Ω–∏–∫–∏ –∫–ª–∞–¥–±–∏—â –≤–≤–æ–¥—è—Ç –∫–ª–∏–µ–Ω—Ç–æ–≤ –≤ –∑–∞–±–ª—É–∂–¥–µ–Ω–∏–µ, —Å–æ–æ–±—â–∞—è, —á—Ç–æ —Ç–æ–ª—å–∫–æ –æ–Ω–∏ –º–æ–≥—É—Ç –∏–∑–≥–æ—Ç–æ–≤–∏—Ç—å –∏ —É—Å—Ç–∞–Ω–æ–≤–∏—Ç—å –ø–∞–º—è—Ç–Ω–∏–∫. –≠—Ç–∞ –∏–Ω—Ñ–æ—Ä–º–∞—Ü–∏—è –Ω–µ —Å–æ–æ—Ç–≤–µ—Ç—Å—Ç–≤—É–µ—Ç –¥–µ–π—Å—Ç–≤–∏—Ç–µ–ª—å–Ω–æ—Å—Ç–∏. –í —Ç–∞–∫–∏—Ö –∫–æ–º–ø–∞–Ω–∏—è—Ö –æ–±—ã—á–Ω–æ –∑–∞–≤—ã—à–µ–Ω–Ω—ã–µ —Ü–µ–Ω—ã, –Ω–æ –Ω–µ —ç—Ç–æ –Ω–µ —Å–∞–º–æ–µ –≥–ª–∞–≤–Ω–æ–µ. –ù–µ–∫–æ—Ç–æ—Ä—ã–µ –∏–∑ –Ω–∏—Ö –Ω–µ –æ—Ñ–æ—Ä–º–ª—è—é—Ç –ø–∞–º—è—Ç–Ω–∏–∫–∏ –Ω–∞–¥–ª–µ–∂–∞—â–∏–º –æ–±—Ä–∞–∑–æ–º. –í —Ä–µ–∑—É–ª—å—Ç–∞—Ç–µ —á–µ—Ä–µ–∑ –Ω–µ—Å–∫–æ–ª—å–∫–æ –ª–µ—Ç –æ–Ω–∏ –º–æ–≥—É—Ç –æ–±—Ä–∞—Ç–∏—Ç—å—Å—è –∫ —Å–æ–±—Å—Ç–≤–µ–Ω–Ω–∏–∫–∞–º —Å –ø—Ä–µ—Ç–µ–Ω–∑–∏–µ–π –æ —Ç–æ–º, —á—Ç–æ –∏—Ö –Ω–∞–¥–≥—Ä–æ–±–∏–µ —É—Å—Ç–∞–Ω–æ–≤–ª–µ–Ω–æ –Ω–µ–∑–∞–∫–æ–Ω–Ω–æ, —Ç–∞–∫ –∫–∞–∫ –Ω–µ –æ—Ñ–æ—Ä–º–ª–µ–Ω–æ —Ä–∞–∑—Ä–µ—à–µ–Ω–∏–µ, –∏ –∏–∑–≤–ª–µ—á—å –¥–æ–ø–æ–ª–Ω–∏—Ç–µ–ª—å–Ω—ã–π –¥–æ—Ö–æ–¥ –∑–∞ ¬´—É–∑–∞–∫–æ–Ω–∏–≤–∞–Ω–∏–µ¬ª –º–æ–Ω—É–º–µ–Ω—Ç–∞. –ò–ª–∏ —Ä–∞–∑–º–µ—â–∞—é—Ç –ø–∞–º—è—Ç–Ω–∏–∫–∏ –±–æ–ª—å—à–µ, —á–µ–º —É–∫–∞–∑–∞–Ω–æ –≤ –¥–æ–∫—É–º–µ–Ω—Ç–∞—Ö –∏ —Ç–∞–∫ –∂–µ –≤ –±—É–¥—É—â–µ–º —Ç—Ä–µ–±—É—é—Ç –ª–∏–±–æ —Å–Ω–µ—Å—Ç–∏ –ª–∏—à–Ω–∏–µ —Å–º., –ª–∏–±–æ –¥–æ–ø–æ–ª–Ω–∏—Ç–µ–ª—å–Ω–æ –æ–ø–ª–∞—Ç–∏—Ç—å. –ö–∞–∂–¥—ã–π –≥–æ–¥ –Ω–∞ –∫–ª–∞–¥–±–∏—â–∞—Ö –º–µ–Ω—è—é—Ç—Å—è —Å–æ—Ç—Ä—É–¥–Ω–∏–∫–∏ –∏ –í—ã —É–∂–µ –Ω–µ —Å–º–æ–∂–µ—Ç–µ –Ω–∞–π—Ç–∏ —á–µ–ª–æ–≤–µ–∫–∞, —Å –∫–æ—Ç–æ—Ä—ã–º –¥–æ–≥–æ–≤–∞—Ä–∏–≤–∞–ª–∏—Å—å. –ë—É–¥—å—Ç–µ –≤–Ω–∏–º–∞—Ç–µ–ª—å–Ω—ã –∏ –æ–±—Ä–∞—â–∞–π—Ç–µ—Å—å –∫ –ø—Ä–æ—Ñ–µ—Å—Å–∏–æ–Ω–∞–ª–∞–º!

üìû 8 (495) 120-55-44 - –ó–∞–∫–∞–∑–∞—Ç—å –∑–≤–æ–Ω–æ–∫
üìû 8 (926) 888-44-44 - 3D-–º–æ–¥–µ–ª–∏—Ä–æ–≤–∞–Ω–∏–µ
üìû 8 (800) 333-777-1 - –í—ã–µ–∑–¥ –∑–∞–º–µ—Ä—â–∏–∫–∞
‚úÖ grad-ex.ru",2020-08-14 21:34:47
73,"–ú–æ—è –º–∞–º–∞ –Ω–∞—à–ª–∞ —É –†—É—Å–∞–Ω–æ–≤–∞, –¥. 5 –∫–∞—Ä—Ç—É –º–æ—Å–∫–≤–∏—á–∞ - –í–¢–ë, –†–æ–ø–∞–ª–æ –ï–≤–≥–µ–Ω–∏—è –ê–Ω–¥—Ä–µ–µ–≤–Ω–∞. –•–æ–∑—è–π–∫–∞-–æ—Ç–∑–æ–≤–∏—Å—å!",2020-08-14 21:34:38
72,"–û—Ç–¥–∞–º –∫–æ—Ç—ë–Ω–∫–∞ –≤ –¥–æ–±—Ä—ã–µ —Ä—É–∫–∏!
3 –º–µ—Å—è—Ü–∞,–¥–µ–≤–æ—á–∫–∞,–∫ –ª–æ—Ç–∫—É –ø—Ä–∏—É—á–µ–Ω–∞",2020-08-14 21:34:15
68,"–ü–æ–¥—Å–∫–∞–∂–∏—Ç–µ, –∫—Ç–æ –Ω–∏–±—É–¥—å —Å–¥–∞–µ—Ç –∫–≤–∞—Ä—Ç–∏—Ä—É –¥–≤—É—Ö–∫–æ–º–Ω–∞—Ç–Ω—É—é –Ω–µ–¥–∞–ª–µ–∫–æ –æ—Ç –º–µ—Ç—Ä–æ?",2020-07-28 14:07:06
67,"–ù–µ –ø–æ–¥—Å–∫–∞–∂–µ—Ç–µ, –¥–æ —Å–∫–æ–ª—å–∫–∏ –ª–µ—Ç –º–æ–∂–Ω–æ –ø–æ–¥–∞–≤–∞—Ç—å –Ω–∞–¥–µ–∂–¥—ã?",2020-07-28 14:07:00
65,"–¢–∞–Ω–µ—á–∫–∞ –±—ã–ª–∞ –Ω–∞—Å—Ç–æ–ª—å–∫–æ —Ö–æ–ª–æ–¥–Ω–æ–π –∂–µ–Ω—â–∏–Ω–æ–π, —á—Ç–æ —É –∫–æ–º–∞—Ä–∞, –∫–æ—Ç–æ—Ä—ã–π –ø–æ–ø–∏–ª –µ–µ –∫—Ä–æ–≤—å, –∑–∞–±–æ–ª–µ–ª–æ –≥–æ—Ä–ª–æ.",2020-07-14 12:00:53
64,"–ú–æ—Å–∫–≤–∞! –ö–æ—Ç—ë–Ω–æ–∫ –≤ –¥–æ–±—Ä—ã–µ —Ä—É–∫–∏. –î–µ–≤–æ—á–∫–µ –ø–æ–ª—Ç–æ—Ä–∞ –º–µ—Å—è—Ü–∞. –ö—É—à–∞–µ—Ç —Å–∞–º–∞. –ü–æ —Ö–∞—Ä–∞–∫—Ç–µ—Ä—É —Å–ø–æ–∫–æ–π–Ω–∞—è –∏ —Å–∫—Ä–æ–º–Ω–∞—è. –í—ã—Ä–∞—Å—Ç–µ—Ç –ø—É—à–∏—Å—Ç–æ–π –∫–æ—à–∫–æ–π. –ì–æ—Ç–æ–≤–∞ –∫ –ø–µ—Ä–µ–µ–∑–¥—É –≤ –Ω–æ–≤—ã–π –¥–æ–º. –î–æ–ª–≥–æ –¥–µ—Ä–∂–∞—Ç—å —É —Å–µ–±—è –Ω–µ –º–æ–≥—É, –º–∞–ª—ã—à–∫–∞ –±–æ–∏—Ç—Å—è –º–æ–∏—Ö –∫–æ—à–µ–∫ –∏ –Ω–∞—Ö–æ–¥–∏—Ç—Å—è –≤ —Å—Ç—Ä–µ—Å—Å–µ, –Ω–µ –≤—ã—Ö–æ–¥–∏—Ç –∏–∑ –∫–æ—à–∞—á—å–µ–≥–æ –¥–æ–º–∏–∫–∞.",2020-07-14 12:00:45
61,"–í –ö—Ä–µ–º–ª–µ –∑–∞—è–≤–ª—è—é—Ç, —á—Ç–æ —Å–æ–≥–ª–∞—Å–Ω–æ —Å–æ—Ü–æ–ø—Ä–æ—Å–∞–º –ø–æ–ø—Ä–∞–≤–∫–∏ –≤ –ö–æ–Ω—Å—Ç–∏—Ç—É—Ü–∏—é –ø–æ–¥–¥–µ—Ä–∂–∏–≤–∞–µ—Ç –±–æ–ª—å—à–∏–Ω—Å—Ç–≤–æ —Ä–æ—Å—Å–∏—è–Ω.",2020-06-26 21:56:50
59,,2020-06-17 19:56:59
57,"–ú–æ–∂–µ—Ç –∫—Ç–æ –ø–æ—Ç–µ—Ä—è–ª —Å–æ–±–∞–∫—É
–ù–∞ —Å–Ω–µ–∂–Ω–æ–π 17–∫1 –æ—Å—Ç–∞–Ω–æ–≤–∏–ª—Å—è –ø–µ—Ä–µ–∫—É—Å–∏—Ç—å —Å–æ–±–∞–∫–µ–Ω –±–µ–∑ –ø–æ–≤–æ–¥–∫–∞ –∏ –æ—à–µ–π–Ω–∏–∫–∞, –Ω–∞ –≤–∏–¥ –Ω–µ –±–µ–∑–¥–æ–º–Ω—ã–π",2020-05-10 20:34:28
56,"–°–µ–≥–æ–¥–Ω—è –±—ã–ª –æ—á–µ–Ω—å —Å—Ç—Ä–∞–Ω–Ω—ã–π –¥–µ–Ω—å. –°–Ω–∞—á–∞–ª–∞ —è –Ω–∞—à—ë–ª —à–ª—è–ø—É, –ø–æ–ª–Ω—É—é –¥–µ–Ω–µ–≥. –ó–∞—Ç–µ–º –∑–∞ –º–Ω–æ–π –≥–Ω–∞–ª—Å—è –∫–∞–∫–æ–π-—Ç–æ –∑–ª–æ–±–Ω—ã–π –º—É–∂–∏–∫ —Å –≥–∏—Ç–∞—Ä–æ–π.",2020-05-10 20:34:20
54,"–ú–æ—Å–∫–≤–∞. –†–∞–π–æ–Ω –°–≤–∏–±–ª–æ–≤–æ. –ù–∞ –ø—Ä–æ–µ–∑–¥–µ –°–µ—Ä–µ–±—Ä—è–∫–æ–≤–∞ –ø—Ä–æ–ø–∞–ª–∞ –∫–æ—à–∫–∞. –ö–æ—à–∫–∞ –±–µ—Ä–µ–º–µ–Ω–Ω–∞, –≤ —Å—Ç—Ä–µ—Å—Å–µ. –ï—Å–ª–∏ –≤–∏–¥–µ–ª–∏ –∫–æ—à–∫—É, –Ω–∞–ø–∏—à–∏—Ç–µ. –ï—Å–ª–∏ –µ—Å—Ç—å –≤–æ–∑–º–æ–∂–Ω–æ—Å—Ç—å, –ø—Ä–∏–¥–µ—Ä–∂–∏—Ç–µ. –ù–∞—à–µ–¥—à–µ–º—É –≤–æ–∑–Ω–∞–≥—Ä–∞–∂–¥–µ–Ω–∏–µ! 89031773707",2020-04-08 07:48:45
50,"–ü–æ–ª–∏—Ü–∏—è –≥–æ—Ç–æ–≤–∏—Ç—Å—è –∫ –≤–≤–µ–¥–µ–Ω–∏—é –∫–æ–º–µ–Ω–¥–∞–Ω—Ç—Å–∫–æ–≥–æ —á–∞—Å–∞ –≤ –ú–æ—Å–∫–≤–µ

–ü–æ—Ä—É—á–µ–Ω–æ –ø—Ä–µ–¥—É—Å–º–æ—Ç—Ä–µ—Ç—å –º–µ—Ä–æ–ø—Ä–∏—è—Ç–∏—è –Ω–∞ —Å–ª—É—á–∞–π –æ–≥—Ä–∞–Ω–∏—á–µ–Ω–∏—è –≤—ä–µ–∑–¥–∞ –∏ –≤—ã–µ–∑–¥–∞ –∞–≤—Ç–æ—Ç—Ä–∞–Ω—Å–ø–æ—Ä—Ç–∞ –∏–∑ –ú–æ—Å–∫–≤—ã, –∞ —Ç–∞–∫–∂–µ –Ω–∞ —Å–ª—É—á–∞–π –≤–≤–µ–¥–µ–Ω–∏—è –∫–æ–º–µ–Ω–¥–∞–Ω—Ç—Å–∫–æ–≥–æ —á–∞—Å–∞ ‚Äî –∑–∞–ø—Ä–µ—Ç–∞ –≤—ã—Ö–æ–¥–∞ –Ω–∞ —É–ª–∏—Ü—É –±–µ–∑ —Å–ø–µ—Ü–∏–∞–ª—å–Ω–æ–≥–æ —Ä–∞–∑—Ä–µ—à–µ–Ω–∏—è. –î–ª—è —ç—Ç–æ–≥–æ —Ç–∞–∫–∂–µ –ø—Ä–µ–¥–ª–∞–≥–∞–µ—Ç—Å—è —Å–æ–∑–¥–∞—Ç—å —Ä–µ–∑–µ—Ä–≤ —Å –ø—Ä–∏–≤–ª–µ—á–µ–Ω–∏–µ–º –ù–∞—Ü–≥–≤–∞—Ä–¥–∏–∏ –∏ –ú–æ—Å–∫–æ–≤—Å–∫–æ–π –≥–æ—Ä–æ–¥—Å–∫–æ–π –Ω–∞—Ä–æ–¥–Ω–æ–π –¥—Ä—É–∂–∏–Ω—ã.",2020-03-23 12:36:08
48,–°—Ç–∞—Ä–æ–µ –°–≤–∏–±–ª–æ–≤–æ ‚ò∫,2020-03-18 08:32:05
37,–¢—Ä–µ—Ç–∏–π —Ä–∞–∑ –∑–∞ –Ω–µ–¥–µ–ª—é –∏–¥—É –∑–∞–∫—É–ø–∞—Ç—å—Å—è –µ–¥–æ–π –Ω–∞ –¥–≤–µ –Ω–µ–¥–µ–ª–∏.,2020-03-18 07:41:06
36,,2020-03-18 07:40:58
35,"–ö—Ç–æ –±—ã –º–æ–≥ –ø–æ–¥—É–º–∞—Ç—å, —á—Ç–æ –≤ XXI –≤–µ–∫–µ –º–∏—Ä –æ–ø—è—Ç—å —Å–∫–∞—Ç–∏—Ç—Å—è –≤ —Å—Ä–µ–¥–Ω–µ–≤–µ–∫–æ–≤—å–µ: –ê–º–µ—Ä–∏–∫–∞ –∑–∞–∫—Ä—ã—Ç–∞ –¥–ª—è –µ–≤—Ä–æ–ø–µ–π—Ü–µ–≤, –≤ —Å–∞–º–æ–π –ï–≤—Ä–æ–ø–µ –±—Ä–æ–¥–∏—Ç —á—É–º–∞, –∞ –Ω–∞ –†—É—Å–∏-–º–∞—Ç—É—à–∫–µ —Ä–∞—Å–ø—Ä–∏ –º–µ–∂–¥—É –ö–∏–µ–≤—Å–∫–∏–º –∏ –ú–æ—Å–∫–æ–≤—Å–∫–∏–º–∏ –∫–Ω—è–∂–µ—Å—Ç–≤–∞–º–∏, –æ–ø—Ä–∏—á–Ω–∏–Ω–∞ –∏ –±–æ—è—Ä–µ, —Å–ª–∞–≤—è—â–∏–µ —Ü–∞—Ä—è-–±–∞—Ç—é—à–∫—É...",2020-03-18 07:40:36
32,,2020-03-18 07:39:54
28,"–°–æ–±—è–Ω–∏–Ω –∑–∞–ø—Ä–µ—Ç–∏–ª –≤—ã—Ö–æ–¥–∏—Ç—å –Ω–∞ —Ä–∞–±–æ—Ç—É –ø—Ä–∏–±—ã–≤—à–∏–º –∏–∑ –ò—Ç–∞–ª–∏–∏, –§—Ä–∞–Ω—Ü–∏–∏, –ì–µ—Ä–º–∞–Ω–∏–∏ –∏ –ò—Å–ø–∞–Ω–∏–∏.
–†–∞–±–æ—Ç–∞ –º—ç—Ä–∏–∏, –ì–æ—Å–¥—É–º—ã –∏ –ø—Ä–∞–≤–∏—Ç–µ–ª—å—Å—Ç–≤–∞ –ø–∞—Ä–∞–ª–∏–∑–æ–≤–∞–Ω–∞.",2020-03-18 07:37:36
26,,2020-03-12 11:05:06
25,"–ù–µ—Ñ—Ç—å –ø–æ–¥–µ—à–µ–≤–µ–ª–∞ –Ω–∞ 30%. –°—É–∫–∞, –æ–ø—è—Ç—å –±–µ–Ω–∑–∏–Ω –ø–æ–¥–æ—Ä–æ–∂–∞–µ—Ç.",2020-03-11 14:05:46
23,–û –ø–æ–≥–æ–¥–µ: —Ç–∞–∫–æ–≥–æ –±–µ—Å—Å–º—ã—Å–ª–µ–Ω–Ω–æ–≥–æ –ø–µ—Ä–µ–ª—ë—Ç–∞ –Ω–∞ —é–≥ –ø—Ç–∏—Ü—ã –µ—â—ë –Ω–µ —Å–æ–≤–µ—Ä—à–∞–ª–∏.,2020-03-05 21:09:27
22,,2020-02-23 09:05:12
20,,2020-02-12 16:17:02
19,"–ë–µ—Å–ø–ª–∞—Ç–Ω–∞—è –º–µ–¥–∏—Ü–∏–Ω–∞ –Ω—É–∂–Ω–∞, —á—Ç–æ–±—ã –ª—é–¥–∏ –æ—Ö–æ—Ç–Ω–µ–µ –æ—Ç–¥–∞–≤–∞–ª–∏ —Å–≤–æ–∏ –¥–µ–Ω—å–≥–∏ –ø–ª–∞—Ç–Ω–æ–π –º–µ–¥–∏—Ü–∏–Ω–µ.",2020-02-12 16:16:18
18,"–°–µ–≥–æ–¥–Ω—è –≤ –°–±–µ—Ä–µ –≤—Å—Ç—Ä–µ—Ç–∏–ª –¥–µ–≤—É—à–∫—É. –û–Ω–∞ –ø–ª–∞–∫–∞–ª–∞ –∏–∑-–∑–∞ —Ç–æ–≥–æ, —á—Ç–æ –ø–æ—Ç–µ—Ä—è–ª–∞ 10000 —Ä—É–±–ª–µ–π. –Ø –¥–∞–ª –µ–π 500 —Ä—É–±–ª–µ–π —Ç–∞–∫ –∫–∞–∫ —Ç–æ–ª—å–∫–æ —á—Ç–æ –Ω–∞ —É–ª–∏—Ü–µ –Ω–∞—à–µ–ª 10 —Ç—ã—Å—è—á. –õ—é–¥–∏, –¥–µ–ª–∞–π—Ç–µ –¥–æ–±—Ä—ã–µ –¥–µ–ª–∞! –ê–Ω–æ–Ω",2020-02-12 16:15:51
17,"–ï–¥–∏–Ω—Å—Ç–≤–µ–Ω–Ω–æ–µ –º–Ω–µ–Ω–∏–µ, –∫–æ—Ç–æ—Ä–æ–µ –º–µ–Ω—è –∏–Ω—Ç–µ—Ä–µ—Å—É–µ—Ç ‚Äî –º–æ—ë —Å–æ–±—Å—Ç–≤–µ–Ω–Ω–æ–µ.",2020-02-12 16:15:32
16,–í –ú–æ—Å–∫–≤–µ –∑–∞–¥–µ—Ä–∂–∞–ª–∏ –≤—Å–µ—Ö —á–µ–ª–æ–≤–µ–∫.,2020-02-12 16:14:58
15,"–ö–æ–≥–¥–∞-–Ω–∏–±—É–¥—å —á–µ—Ä–µ–∑ –º–Ω–æ–≥–æ-–º–Ω–æ–≥–æ –≤–µ–∫–æ–≤ –∞—Ä—Ö–µ–æ–ª–æ–≥–∏ –ø–æ –∫–æ–ª–∏—á–µ—Å—Ç–≤—É —Å–ª–æ—ë–≤ –ø–ª–∏—Ç–∫–∏ —Å–º–æ–≥—É—Ç –ø–æ–¥—Å—á–∏—Ç–∞—Ç—å, —Å–∫–æ–ª—å–∫–æ –ª–µ—Ç –°–æ–±—è–Ω–∏–Ω —Ä—É–∫–æ–≤–æ–¥–∏–ª –ú–æ—Å–∫–≤–æ–π.",2020-02-12 16:14:21
14,,2020-02-12 16:14:20
13,–§–∏–Ω–∞–Ω—Å–æ–≤–æ–µ –ø–æ–ª–æ–∂–µ–Ω–∏–µ: –∫—Ä–∞—Å–Ω—ã–µ —Ü–µ–Ω—ã –Ω–∞ –ø—Ä–æ–¥—É–∫—Ç–∞—Ö —Å—Ç–∞–ª–∏ –∫—É—Å–∞—Ç—å—Å—è...,2020-02-12 16:13:36
12,"–û—Ç–∫—É–¥–∞ –ì–æ—Å–¥–µ–ø –±–µ—Ä–µ—Ç –¥–µ–Ω—å–≥–∏ –Ω–∞ —Ñ–∏–Ω–∞–Ω—Å–∏—Ä–æ–≤–∞–Ω–∏–µ –ù–∞–≤–∞–ª—å–Ω–æ–≥–æ?
–î–∞ –∏–∑ –Ω–∞–ª–æ–≥–æ–≤, –∫–æ—Ç–æ—Ä—ã–µ –ø–ª–∞—Ç—è—Ç –Ω–∞—à–∏ —Ä–æ—Å—Å–∏–π—Å–∫–∏–µ —á–∏–Ω–æ–≤–Ω–∏–∫–∏ –∑–∞ –Ω–µ–¥–≤–∏–∂–∏–º–æ—Å—Ç—å –∑–∞ —Ä—É–±–µ–∂–æ–º!",2020-02-12 16:13:09
11,"–ë—ã—Ç—å –ø–µ—Å—Å–∏–º–∏—Å—Ç–æ–º –ø–æ—Ç—Ä—è—Å–∞—é—â–µ. –Ø –≤—Å–µ–≥–¥–∞ –∏–ª–∏ –ø—Ä–∞–≤, –∏–ª–∏ –ø—Ä–∏—è—Ç–Ω–æ —É–¥–∏–≤–ª–µ–Ω.",2020-02-12 16:12:41
10,"–°–ª–æ–º–∞–ª—Å—è –¥–æ–º–æ—Ñ–æ–Ω. –¢—Ä–∏–∂–¥—ã –≤—ã–∑—ã–≤–∞–ª –º–∞—Å—Ç–µ—Ä–∞ - –∏ —Ç—Ä–∏–∂–¥—ã –º–Ω–µ –ø–æ—Ç–æ–º —Å–æ–æ–±—â–∞–ª–∏, —á—Ç–æ –µ–º—É –Ω–µ –æ—Ç–∫—Ä—ã–ª–∏.",2020-02-12 16:12:20
9,"–ß–µ–º –±–ª–∏–∂–µ –∫ –∫–æ—Ä–º–∏–ª—É, —Ç–µ–º —à–∏—Ä–µ –º–æ—Ä–¥—ã.",2020-02-12 16:11:48
8,,2020-02-12 16:11:46
7,"–°–∞–¥–∏—Ç—Å—è –¥–µ–≤—É—à–∫–∞ –≤ –±–µ—Å–ø–∏–ª–æ—Ç–Ω–æ–µ —Ç–∞–∫—Å–∏ –∏ —É–¥–∏–≤–ª—è–µ—Ç—Å—è:
- –û–π, –∫–∞–∫ –Ω–µ–ø—Ä–∏–≤—ã—á–Ω–æ - –∞–≤—Ç–æ–º–æ–±–∏–ª—å –±–µ–∑ –≤–æ–¥–∏—Ç–µ–ª—è!
–ê –º–∞—à–∏–Ω–∞ –µ–π –≤ –æ—Ç–≤–µ—Ç:
- –ó–Ω–∞–µ—Ç–µ, –≤–æ–æ–±—â–µ-—Ç–æ —è –∏—Å–∫—É—Å—Å—Ç–≤–µ–Ω–Ω—ã–π –∏–Ω—Ç–µ–ª–ª–µ–∫—Ç –¥–ª—è –±–∏–∑–Ω–µ—Å–∞, –∞ —Ç–∞–∫—Å–∏ - —ç—Ç–æ —Ç–∞–∫, –ø–æ–¥—Ä–∞–±–æ—Ç–∫–∞.",2020-02-12 16:10:58
6,,2020-02-12 16:10:56
5,"–°–µ–≥–æ–¥–Ω—è —É —Ü–∏—Ä–∫–∞ –≤–∏–¥–µ–ª –ø—Ä–∏–ø–∞—Ä–∫–æ–≤–∞–Ω–Ω—ã–π BMW X6, —É –∫–æ—Ç–æ—Ä–æ–≥–æ –ø–æ–¥ –¥–≤–æ—Ä–Ω–∏–∫–æ–º –±—ã–ª–∞ –∑–∞–∂–∞—Ç–∞ —Å–æ—Ü–∏–∞–ª—å–Ω–∞—è –ø—Ä–æ—Ç–µ—Å—Ç–Ω–∞—è –ª–∏—Å—Ç–æ–≤–∫–∞ —Å –Ω–∞–¥–ø–∏—Å—å—é ""–ù–∞–¥–æ–µ–ª–æ –∂–∏—Ç—å –æ—Ç –∑–∞—Ä–ø–ª–∞—Ç—ã –¥–æ –∑–∞—Ä–ø–ª–∞—Ç—ã?""",2020-02-12 16:09:55
4,,2020-02-12 16:09:45
3,"–ù–∏–∫—Ç–æ —Å–ª—É—á–∞–π–Ω–æ –Ω–µ –≤ –∫—É—Ä—Å–µ, –≤ –∫–∞–∫–æ–º –ø–µ—Ä–µ—Ö–æ–¥–µ –º–æ–∂–Ω–æ –∫—É–ø–∏—Ç—å –¥–∏–ø–ª–æ–º –ø–æ–ª–∫–æ–≤–Ω–∏–∫–∞ –§–°–ë –∏–ª–∏ —Ö–æ—Ç—è –±—ã –ú–í–î? –û—á–µ–Ω—å –Ω—É–∂–Ω–æ!",2020-02-12 16:05:27
2,,2019-10-25 12:49:29
1,–ü—É—Å—Ç—å –±–µ–≥—É—Ç –Ω–µ—É–∫–ª—é–∂–µ –ø–µ—à–µ—Ö–æ–¥—ã –ø–æ –º–æ–∏–º —á–∏—Å—Ç—ã–º –±–æ—Ç–∏–Ω–∫–∞–º —Å—É–∫–∏ –Ω–µ—É–∂–µ–ª–∏ –Ω–µ–ª—å–∑—è –±—ã—Ç—å –∞–∫–∫—É—Ä–∞—Ç–Ω–µ–π –Ω–µ–Ω–∞–≤–∏–∂—É –≤–∞—Å –≤—Å–µ—Ö.,2019-10-25 12:07:29
