,text
0,"Это неправомерно, застройках такой плотности не должна быть "
1,"Мы должны не допустить уничтожение Свиблово! Мы сделаем всё возможное, чтобы уменьшить этажность новых домов, район был такой же зелёный и наши дети имели места в детских садах и школах рядом с домом."
2,"Хочу, чтобы наш район остался тихим и зелёным. Чтобы было, где учиться и гулять нашим детям."
3,Хватит поганить Москву!!!
4,"Я подписывают эту петицию, достало уже все, и непрофессионализм проектировщиков и наглость  т.н.реноваторов."
5,Люблю свой город.
6,"Я родилась и живу в СВАО. То, что собираются сделать с нашим районом - преступление против жителей. "
7,Живу здесь и хочу дышать! 
8,"Я подписывю, потому что понимаю весь ужас происходящего!Свиблово будет не для жизни , а для существования.Господа из мосгорду... во главе с нашим мэром, врут, когда говорят о заботе о людях.Если я не права -остановите эту вакханалию.Хватит поддерживать строительное лобби.Оставьте СВИБЛОВО в покое."
9,"Я категорически против проекта, который ухудшит экологию родного Свиблово, против расширения дорог, против вырубки деревьев. Наш президент сказал: срубил дерево - посади два дерева, а у нас компенсируют только убогими кустиками и раскатывают рулончик газона. Я хочу, как и прежде, жить в нашем тихом и зелёном Свиблово, дышать кислородом и слушать пение птиц. "
10,"Я подписываюсь потому, что живу ы Свиблово и хочу жить здесь дальше. Хочу, чтобы мои дети тоже жили здесь  Пора всем объединиться в борьбе со строительным лобби. Золотой телец лишил разума чиновников, гнать их в шею. Представьте, что будет, если застроят Свиблово, ,  улицу Искры и улицу Летчика Бабушкина, Измайлово, Северное Тушино и кучу других районов? Правительство, Москвы,  включите разум, отмените все проекты по реновации. Граждане должны сами себе зарабатывать на покупки квартир, а не принимать подачки от государства."
11,"Категорически против преступного проекта антинародной застроки района. <br />В районе не хватает инфраструктурных обектов (школ, детских садов, поликлиник), которые были построены еще при Советской власти и которые и так рассчитаны на чимленность населения, раза в два меньше сегодняшней. <br />Плинируется расширить проезжие части ВНУТРИ района за счет изъятия под дороги газонов и зеленых насаждений, но не предусмотрено реконструкция выездов из района. Пропускная способность дорог определяется не шириной проезжих частей, а пропускной способностью развязок. Ширина проезжих частей определяет только количество автомобилей, которые могут одновременно стоять в пробке.  При реализации проекта райно намертво встанет в круглосуточной пробке.  Движение по дорогам так же будет ограничено светофорами и &quot;зеленой фазой&quot; для пешеходов. <br />При реализации проекта райн будет превращен в гетто, в концентрационное поселение. <br />Планами развития города не предусмотрено развитие мест занятости населения, не предусмотрено создание новых рабочих мест, а, значит, планомерно и рпедумышленно создаются все условия для ухода &quot;нового&quot; населения в криминальные способы зарабатывания средств к существованию. <br />Плотная застрока уменьшит нормы инсоляции ниже любых мысленных минимумов, а значит, создаст все условия для роста заболеваемости,  уменьшит проветриваемость дворовых территорий и помещений, что так же приведет к росту заболеваемости и окончательной потере контроля на эпидемиологическими заболеваниями, даже такими тоталиторными методами, какие применялись при пандемии КОВИДа-19.<br />Проектами застроки предусмотрено количество парковочных мест, которых хватит разве что (от силы) на 1/5  количества автомобилей, а, значит, автомобилями будут наглухо забиты все дворовые территории, даже в домах, избежавших сноса по программе реновации.<br />Категорически против  проекта застройки территории района, требую этот проект отменить!"
12,Не хочу что бы наш зеленой уголок Москвы превратился в каменные джунгли с перенасилением и пробками!
13,Не хочу перенаселения моего района
14,Против застройки
15,"Категорически против застройки и перенаселения Москвы и Свиблово! Россия - самая большая и самая богатая в мире страна! Нужно развивать регионы, строить и создавать новые рабочие места там! Иначе мы просто потеряем нашу страну и наш народ!"
16,"Живу в этом тихом и красивом районе ,и мне не нужно ничего менять ,оставьте нас в покое!"
17,Против застройки высотками и дорогами 
18,Живу в районе Свиблово 
19,Надо учитывать мнение граждан 
20,"Я против застройки района Свиблово многоэтажными домами, против расширения дорог и уменьшения зеленых зон. "
21,"Моя семья уже 5 поколений живёт в Бабушкинскому районе. Это прекрасный, зелёный, уютный район. Я не хочу что бы выбранные мною мэр и другие чиновники под видом улучшения превратили мою Малую Родину в бетонной гетто с жуткой экологией. Когда проталкивали программу реновации  спрашивали только жителей 5этажек и не интересовались мнением тех жителей чьи дома стоят рядом со сносиммыми. тех чьи жилищные условия эта программа существенно ухудшает. Считаю, что недопустимо  улучшать условия  для одних жителей ухудшая условия для других. Программа реновации, в том виде, в котором она сейчас есть, делает хорошо только строительным олигархам и их друзьям сверху. Городу Москва ее жителям и экологии она только вредит. Нам, жителям СВАО, да и всего города не нужно столько новых соседей. Не нужно такого в 3,5 раза увеличения жителей. Где они все будут работать, лечиться? В какие школы и детские сады будут ходить дети? Метро уже сейчас перегружен! Как мы все будем перемещаться? Чем дышать, ведь вырубается больше 2/3 деревьев? Где будут стоять машины новых жителей, если новые 24-26 жтажные дома строят по концепции-двор без машин?!! Требую остановить и пересмотреть утвержденную программу реновации.!!"
22,"Я категорически против этого проекта! Всю зелень закатают в асфальт. По парковой зоне вдоль Яузы пустят 4х полосную дорогу, прямо под окнами дома Лазоревый 22. Сейчас там зелёный уголок, прогулочная зона и большая классная детская площадка. Потом, если увеличится население 70 доп. мест в детском саду не спасут. Наша сады итак переполнены. В группах по 33-35 человек. А приедут ещё сотни детей садов кого возраста в район. Надо минимум ещё 2 садика, и ещё 1 школу, а не убогую пристройку к старой 297."
23,Против.
24,"Я живу в Свиблово и мне не безразлична судьба моего тихого и зеленого района. <br />Напротив моего дома в проекте стоит дом высотой в 70 м и это всего в 20м от фасада. Окна однушек, выходящих на этого монстра никогда не увидят света в своей единственной квартире. <br />Проект сделан с нарушениями норм проектирования. <br />Прошу ПЗЗ и Проект - отклонить полностью и разработать новый."
25,"В отличие от нынешнего главы управы, ЖИВУ В ЭТОМ РАЙОНЕ!!!"
26,Я подписываюсь против проектов застройки. Хочу видеть свой район Свиблово  как и прежде зелёным уютным !!!! А не уничтоженным застройками в 25-30 этажей. Вырубленными деревьями и понастроенных дорогами. Те кто строят им не жить в нашем микрорайоне . Поэтому я против проектов !!!!
27,Против превращения района Свиблово в каменные джунгли 
28,"Пора начать думать о людях , о детях, о здоровье  людей, об экологии. Пока ситуация такая, что выгода диктует все! Категорический протест ."
29,"Куда уж Амундсена и Нансена расширять - по обе стороны стоят почти вплотную дома. Всё это делается для жителей нового ЖК Лайф у метро Ботанический сад. Им улучшают условия выезда, чтобы они у м. Бот.сад пробку мертвую не устроили. А жители которые давно живут в районе Свиблово и Медведково должны страдать."
30,"Голосую против Хуснулина! И всех кто с ним! Программа реновация ухудшает положение людей, уже проживающих в районах. Прошу остановить беспредел!"
31,"Хочу, чтобы наш район оставался зеленым, чистым и безопасным для детей."
32,Я за создание комфортных условий жизни в Свиблово!
33,"Надоел воровской фонд реновации--карманная коммерческая организация мэра Москвы. Этот фонд нагибает весь город. Этот фонд извратил само слово Ренова́ция (лат. renovatio — «обновление») — процесс улучшения, реконструкции, реставрации без разрушения целостности структуры. В каком районе Москвы  реноваторщики--желанные гости? Правильно! Ни в каком! Освободим наш город от фашистов реновации"
34,"Я хочу жить. В спокойном районе. Я против того, чтобы у моего поедъезда и вдоль школ пролегала трасса. Пробки есть уже сейчас. Если повысят население и без того маленького района, то мы будем выживать среди этих пробок. Проек составлен с нарушением всех возможных норм!!!!"
35,"Я категорически против этого проекта. Я против расширения дорог, - а по проекту они пройдут рядом с домами. Я против вырубки   деревьев и зеленых насаждений. Я против увеличения плотности населения и строительства многоэтажных монстров в моем родном районе."
36,"К сожалению сейчас застройщики поступают именно так. Заработать на строительстве дома, а дальше жители пусть живут как хотят. Плевать, что негде парковаться и инфраструктуры нет. "
37,"Я подписываю петицию, потому что живу в районе планируемой застройки и категорически ПРОТИВ!"
38,"Хочу жить в замечательном зелёном районе города,которых осталось к сожалению очень мало."
39,"Изначально, когда людей агитировали за реновацию, обещалось, что новые дома не будут превышать 14 этажей. Теперь все переиграли. Перестаньте патронить благополучные районы, там еще осталась природа, люди могут нормально дышать. Сколько можно уплотнять город? Мы же здесь не мыши в коробке и не муравьи! Вырубаете деревья, как  в последний день и везде застройка. Надоело уже, вы хоть замечаете, что по всем районам одно и то же и люди вынуждены защищаться?"
40,ПОДПИСАЛА! ПРОШУ И ВАС ПОДПИСАТЬ ПЕТИЦИЮ <br />http://chng.it/r96Tzskgxr
41,Проживаю в районе и не хотел бы наблюдать увеличения количества проживающих
42,"Я категорически потив этого проекта! И вообще хватит уже застраивать Москву! Такими темпами на территории города останутся только дома и дороги. Ни школ, ни деревьев, ни поликлинник. Власти Москвы, оставьте мой город в покое!"
43,я подписываюсь
44,"Это будет ужас, если случится((("
45,"Потому что аппетит приходит во время еды ! Неуважаемые засРойщики, когда Вы ...?  Строить чтобы продать, расширить дороги, чтоб построить еще,  и еще .."
46,"Категорически против увеличения численности жителей. В районе и так не достаточно поликлиник, садов, школ, а главное места под строительство. Я против уничтожения зеленой зоны района, проитив сноса пятиэтажек . "
47,"Я живу в Свиблово, на улице Седова, 13, корп. 1. Против реновации внутри Свиблово не возражаю. Ознакомился с предлагаемым проектом по реконструкции микрорайонов Свиблово. Требую проект в представленном на публичных слушаниях варианте отклонить полностью. В новом варианте проекта снизить плотность застройки и этажность новых домов до 6-14 этажей, как обещал мэр Москвы Собянин. Предусмотреть строительство новых школ, садов и поликлиники, которых не хватает уже при существующем количестве жителей. Нынешний проект предусматривает увеличение мест в школе и садиках всего на несколько десятков - при этом квартал ЖК &quot;Лайф Ботанический&quot; не учтён совсем, а там нет ни одного садика, школы или поликлиники. Требую привести в соответствие с нормами инсоляции высотность дома по адресу Седова, 9, корп. 1 - сейчас предусмотрена высота 70 м на расстоянии 30 метров от моего дома со стороны солнца. Эта &quot;скала&quot; навсегда скроет наш дом от солнечного света."
48,Из-за столь плотной застройки снизится качество жизни округа и его эко обстановка
49,Эти проекты погребут окончательно относительно зелёный пока ещё район в асфальтовых джунглях!
50,"Я против этого проекта. Потому что на схемах которые я вижу совсем не учтен масштаб. Невооруженным глазом видно , что  дорога из четырех полос не только вплотную приблизится к жилым домам, но и уничтожит деревья вдоль Яузы и дорога получается вплотную к Яузе пойдет. "
51,"Это мой район, я его люблю и не хочу что бы застраивался каждый пустой метр домами-гигантами, да ещё с вырубкой деревьев. Зачем строить новые дома, когда стоят пустые уже построенные! Нет мест в садах и школах, в поликлиник нет, да и врачей Неееет! Бабушкинская, Медведково, Свиблово зимой в постоянных пробках. Куда ещё уплотнять?"
52,"Подписал Вашу петицию!!! Прошу Вас и читающих этот комментарий, подпишите и мою петицию Предложение провести исследование на государственном уровне болезни Моргеллонов<br />https://clck.ru/Ecfkb<br />"
53,Нет застройке
54,Продолжаются преступные по нормам застройки под видом организации благоустроенного проживания!!! Мы -против!!!
55,Против градостроительной политики мэрии!
56,Против этого проекта
57,Против уничтожения моего зелёного района! 
58,"Новый план плохо учитывает неизбежное увеличение количества жителей. Количества дестких садов и школ на данный момент едва покрывает потребности населения. <br />Второй момент- вырубка зеленых насаждений. К сожалению,  мы видим печальный результат &quot;обновления&quot; садово-парковых зон. Подавляющее большинство едавно посаженных деревьев не приживается и засыхает. Таким образом количество зеленых зон уменьшается , что недопустимо для мегаполиса, по моему мнению"
59,люблю этот район!
60,Я хочу жить в чистом городе
61,Однозначно против! Район станет непригодным для жизни!
62,Я подписываюсь
63,"Я против, тк не хочу что бы зеленый уютный район превраался в бетонный муравейник"
64,Это безобразие. Уничтожили всю Москву
65,Я здесь живу!
66,"Я живу в другом районе. Бог миловал и в моем районе такого нет. Но в соседнем районе живёт моя тётя. Там похожая же ситуация (Домодедовская). Чудовищная застройка. Остановите этот кошмар!   Что будет, когда заселятся люди - страшно представить. Подписываю. "
67,"Подписал, боретесь за правое дело!<br />Прошу НЕРАВНОДУШНЫХ подписать петицию ПРОТИВ ДИСКРИМИНАЦИИ. Заранее благодарю.<br />http://chng.it/g4hKXfFvT8"
68,Я против сокращения зелёных насаждений и деревьев !
69,Уплотнение Свиблово и Бабушкинского недопустимо!
70,Против однозначно !!
71,"Не хочу жить на стройке, хочу сохранить свой район."
72,Я здесь<br /><br /> живу
73,"Я подписываюсь потому что хочу спасти этот район, и остановить корыстную политику администрации нашего города. Уже давно административные округа стали для властей  как коммерческие проекты!!! Город стал не для москвичей и их комфортного проживания, а дойной коровой для администрации города !!!"
74,"Категорически против застройки района. Готова подписать и подписаться еще много раз, чтобы противостоять губительным последствиям строительства дорог и многоэтажек в Свиблово.  "
75,"Почему громко на поекте говориться о том что строчться новые сад и школа и при этом не обращается внимание, что параллельно СНОСИТСЯ САД  т.е. по факту еа такой прирост жителей свиблово (не считая стройки ЖК лайф) мест увеличение в саду только на 65 малышей!!!! Это считается нормально??? У меня у реьенка уже в группе 32 человека, куда больше?? И школа- в 23 только пристройка к школе добавлчется! Это почему не учитыаается и закрываются глаза!!! Не надо сносить сад - надо без сноса новый строить!!   Нельзя решать проблемы одних за счёт других. Когда я подняла вчера вопрос, какого лешего у меня вокруг дома вырубают полностью всю зелень и лишают двора, мне проектировщики сказали: «а как же парковки для новых домов, у которых двор без машин? А как они выезжать будут?» А почему они должны ездить через мой двор? И их машины должны стоять перед моим подъездом и вместо нашей детской площадки? Почему я должна жить сначала 10 лет на стройке, а потом на дороге? Стройте так, чтобы устроило всех, тем более, что это вполне возможно. Это-то мы и требуем. Меньше будет жилых метров-меньше людей-меньше машин-меньше дорог под окном, больше деревьев, меньше толпы в метро, меньше детей в классах и садах. Да, меньше миллионов у застройщиков, но эти проблемы должны волновать горожан в последнюю очередь. Чай, не обнищают вконец. (С)"
76,Против застройки Свиблово
77,Согласна
78,"Люблю район Свиблово таким, какой он есть сейчас "
79,Категорически против уничтожения Свиблово под видом реновации
80,Против убийства города!
81,Руки прочь от городка Институт Пути!
82,"Хочу жить в нормальных человеческих условиях, а не в муравейник посреди каменных джунглей. "
83,Я против уплотнения! Не трожьте наш район!
84,ТИПОВОЙ ПРИМЕР ЖИЛИЩНО-СОЦИАЛЬНОГО ВАРВАРСТВА...
85,"Я подписываю, потому что это кошмарная идея!"
86,"Я против массовой застройки микрорайона, которая превратит район в транзитный муравейник с ограниченной социальной инфраструктурой, уничтожением зелёных зон и станет местом некомфортного проживания для всех жителей Свиблово.<br />"
87,"Проект превращает мой  район в непригодный для проживания! Это будет местом транзита или рабочей вахты! Но, никак не очагом человеческой жизни!  НЕТ ПРОЕКТУ КАТЕГОРИЧЕСКИ!!!"
88,"Я подписываюсь против этого проекта, потому что вижу уничтожение моего дома по улице Радужная: по проекту его закроют в кольцо высотными домами, практически ликвидируют двор и лишат возможности передвижения из-за уплотнения населенности. Данный проект - преступление против жителей района"
89,"Сначала сделайте соц.обхекты, потом уплотняйте!"
90,"Я подписываю потому, что наш район очень зелёный и здесь хочется жить и постить детей. Мало осталось уютных зелёных районов. Итак рядом хорду строят, ухудшая экологию. Бетон вокруг уже надоел, хочется возвращаться с работы в УЮТНЫЙ И ЗЕЛЕНЫЙ РАЙОН!"
91,"Я подписываюсь под этой петицией, потому что боюсь за экологическую обстановку в нашем районе. Она может резко поменяться в худшую сторону."
92,"Категорически против увеличения плотности застройки и населения, против расширения дорог, вырубки деревьев, отсутствия новых поликлиник, школ, детских садов, парковок - они не предусмотрены планом застройки!!!! Где дети будут учиться? Где будут стоять автомобили, если сносятся парковки и уже на первом этапе строительства 300 автомобилей с существующих парковок на Нансена, 8 и Нансена, 6/3 выйдут на улицы района! Это ли не ухудшение условий проживания жителей района? На каком основании моя жизнь должна ухудшиться?"
93,"Я против такой плотной застройки. Новые дома строят, а бесплатные сады, школы и поликлиники нет! "
94,"Хочу жить,как и жили раньше,в зеленом чистом районе,а не среди кучи огромных небоскребов в кишащем муравейнике."
95,Елена Леунова
96,Я люблю свой район<br />
97,Потому что бесконечные застройки Москвы уже превратили город в ад
98,"Недопустимо уничтожать удобный для жизни район в угоду чьим-либо частным интересам. Тем более, что эти проекты нарушают сразу несколько статей Конституции РФ, поскольку приведут к нарушению закреплённых в ней прав граждан - на неприкосновенность собственности, на благоприятную среду и других.<br />Оставьте наш район в покое!"
99,"Подписываю петицию,так как живу в Свиблово.Против дороги вдоль Яузы.Дорога вдоль Яузы испортит экологию,которой все мы дорожим.И так школы и сады переполнены.Знаю,потому что у меня 2 детей.Надо строить дополнительно школы,сады, поликлинику."
100,Хочу жить в зеленом и комфортном районе!!!
101,"Я подписываю потому, что я живу в Свиблово! Я люблю свой район! Я ценю свой район и не хочу, чтоб его уничтожали!  Не хочу чтоб уничтожали нас, а этот проект уничтожает нас-жителей Свиблово. Из зеленого, спального района хотят сделать бетонный транзитный район. ОСТАНОВИТЕСЬ!!! Не губите то, что вы не создавали!!!! Я хочу жить и дышать!!! Я хочу, чтоб мои дети дышали и росли здоровыми! Это же не мыслимо прокладывать транзитные дороги по придомовым территориям и вдоль школ. Не мыслима такая плотность населения на район (учитывая ещё не полностью заселенный Лайф и не заселённый Сильвер, так это вообще ад).  Яю1-й ботанический проезд-это заповедная зона. Только больная голова могла даже мысль допустить, что его можно расширять и тем более делать транзитным. Там Яуза и грунтовые воды. Яуза погибнет! Оставьте нас в покое!!!! Отстаньте от нас и наших детей!!! Вы не имеете права губить нас и наших детей!!!! Этими проектами хотят создать жителям Свиблово адские условия жизни и в итоге нас хотят вынудить бежать из района и хотят захапать наши собственности! Варвары!!!Преступники жадные до денег хотят уничтожить нашу Москву!!! Уберите свои грязные руки от нашего Свиблово!!!"
102,"Я против ухудшения экологической ситуации в районе. Я против расширения дороги Лазоревый проезд  и прохождение ее ещё ближе к домам, я против вырубки деревьев и уничтожение сквера! Этот маленький островок где дети спокойно играют после школы, и мамы с малышами могут спокойно погулять и дойти до парка. Уголок спокойствия и умиротворения в шумной Москве, такие места надо беречь, а не уничтожать! Также против увеличения этажности домов без учёта численности детей которые пойдут в сады и школы."
103,Против застройки!!
104,Все время был хороший зеленый район.<br />Оставьте его зеленым
105,Считаю недопустимой застройку района в предложенном виде!
106,Это беспредел! Люди против!
107,"Я подписываюсь, потому что я живу в Свиблово, и мне не всё равно что случится с моим районом."
108,Я против варварской застройки!
109,"Перенаселение Москвы - это мина замедленного действия! <br />Застройка Свиблово, в нынешнем её виде, это появление ещё одной асфальтобетонной резервации, непригодной для нормалтной жизни!"
110,Остановить преступную застройку района Свиблово !
111,Свиблово дыши.
112,"Недавно на Речном вокзале наблюдали похожую &quot;точечную застройку&quot;...  (((. Один город - одни проблемы... Грустно смотреть на превращение тихих спальных районов в шумящие, переполненные муравейники..."
113,"Живем в Свиблово, хотелось бы продолжать жить в зеленом и красивейшем районе, а не среди асфальта, плитки и бетона. Нужно же сохранять то что есть, а не делать повсеместное гетто!"
114,Я здесь живу
115,Беспределище!!! 
116,ОСТАНОВИТЬ!!! ПРЕКРАТИТЬ ЧУДОВИЩНУЮ ЗАСТРОЙКУ УНИЧТОЖЕНИЯ  МОСКВЫ! ОСТВЬТЕ В ПОКОЕ 5ЭТАЖНЫЕ ДОМА!!!!
117,"Я живу в этом районе с рождения, и мне больно видеть, что сейчас с ним происходит."
118,Я за экологию
119,"При виде с Игарского проезда горизонт, заканчивающийся уже на проезде Серебрякова, сплошь застроен многоэтажными домами. В последние годы с тревогой наблюдаю за безумой застройкой Свиблова. Считаю, пора остановиться."
120,Не хочу транзитных дорог в моем районе!
121,"Я против реновации категорически.  Выбирают &quot; Лакомые&quot;  куски земли для застройки под видом не пригодности наших домов... Нам достанутся дома не равно ценные тем,  что отнимут у нас.  Качество строительства в СССР был очень высоким,  строго конролировалось - старались,  действительно,  для людей.  Я за справедливость,  честную и адекватную замену.  Повернитесь к людям. <br />"
122,Против расширения дорог рядом с жилыми домами по Лазоревому проезду.
123,"Я против застройки Москвы, ведущей к перенаселению города и ухудшению его экологии!"
124,"Хочется, чтобы Москва была для москвичей, а не для транзитников."
125,Хочу сохранить свой двор и в целом свой любимый город от бездумной и безумной точечной застройки
126,"А, что вы хотите от бандитов? Соблюдения закона? Власти, по-сути, убивают нас и наших детей, а мы только митингуем и петиции пишем. "
127,Я против уничтожения зелёного двора.
128,Точечная застройка душит москвичей!!!! 
129,"Рядом детский сад, школа. Места крайне мало. Сплошные неудобства. Просто преступные."
130,"Собянин вообще озверел со своей застройкой. На каждом пятачке стоят 20-этажей жилья как минимум. Москва превращается в железобетонные джунгли, где скоро неба не будет видно."
131,"Не хочу ,что бы занимали природоохранные зоны и смотреть соседям окна в окна."
132,Я тоже не хочу рядом точечной застройки.а в этом доме мои живут друзья.
133,То же самое по всей Москве. Это безобразие нужно прекратить. 
134,Требую остановить безумие точечной застройки.
135,"Живу в соседнем районе, знаю эти места, возмущён до предела! "
136,"Спасибо! <br />Такая же беда пришла: Москва, СВАО, Бабушкинский, Верхоянская 10. <br />И двор захватывают, и деревья вырубают, и детскую площадку сносят, и окна в окна и вишенка на торте - сам детский сад тоже сносят. Меняют назначение земель. ПС с нарушениями прошли. Рейдеры одним словом."
137,Я против точечной уплотнительной застройки в районе со сложившейся инфраструктурой.
138,Предлагаемый проект нарушает строительные нормы и жизнь людей в существующих домах.
139,"В нашем Люблино под стартовую площадку изъяли две большие парковки. Парковаться и так было негде, а сейчас просто ад. А будет ещё хуже. "
140,"Подписал Вашу петицию. Прошу Вас и читающих этот комментарий, подпишите пожалуйста и мою петицию &quot;Обманутых дольщиков снова обманывают&quot;. Ссылка на петицию: https://www.change.org/p/%D0%BF%D1%80%D0%B5%D0%B7%D0%B8%D0%B4%D0%B5%D0%BD%D1%82-%D1%80%D1%84-%D0%BE%D0%B1%D0%BC%D0%B0%D0%BD%D1%83%D1%82%D1%8B%D1%85-%D0%B4%D0%BE%D0%BB%D1%8C%D1%89%D0%B8%D0%BA%D0%BE%D0%B2-%D0%BE%D0%BF%D1%8F%D1%82%D1%8C-%D0%BE%D0%B1%D0%BC%D0%B0%D0%BD%D1%8B%D0%B2%D0%B0%D1%8E%D1%82?recruiter=258843401&amp;utm_source=share_petition&amp;utm_medium=copylink&amp;utm_campaign=share_petition "
141,Дайте жителям жить спокойно. 
142,Плотность застройки и уничтожение зелёных дворов - прямой путь к криминогенности среды города. 
143,http://chng.it/xLyHzRFKKQ подпишите плиз!
144,"Это нечестная борьба. Под прикрытием реновации у нас отбирают нашу придомовую территорию. Наши шансы неравные. На стороне застройщика - финансовые, административные и политические ресурсы. У нас - только помощь обычных людей, таких, как мы. У которых нет загородных дворцов и зарубежной недвижимости. Для тех, кому важны деревья во дворе, детская площадка и солнечный свет в окне."
145,"Тезис здесь вдохновил - город не имеет права пользоваться землёй, пока она не оформлена?!?<br />Кто может прокомментировать?<br />Нам тоже в Управа  и Глава муниципальных депутатов  заявляют - если территория не оформлена, то город бетономешалки имеют право ездить по двору. "
146,руки прочь от наших дворов!
147,"и у нас во дворе идет ползучее отторжение придомовой территории. Расширяют платную парковку, отхватили часть двора для каких-то бытовок, огородили металлическим забором..."
148,"Подписал Вашу петицию!!! Прошу Вас и читающих этот комментарий, подпишите и мою петицию Предложение провести исследование на государственном уровне болезни Моргеллонов<br />https://clck.ru/Ecfkb<br />"
149,Мичуринский 30б с Вами. Против строительного терроризма.
150,"Нас всех скоро закатают в бетон и плитку, а сверху поставят человейник."
151,Руки прочь от Москвы!
152,Я против точечной и уплотнительной застройки в нашем городе! Жизнь людей должна быть комфортной. 
153,Придомовой територия принадлежит дому!! 
154,Я за безопасную среду обитания наших детей! Я против незаконного строительства в нашем дворе!!!
155,И так уже все застроили
156,Сохраним наши дворы!
157,Против точечной застройки. 
158,Мы требуем соблюдения своих прав на чистый воздух и благоприятную окружающую среду. Невозможно уплотнять город до бесконечности ради  прибылей строительных фирм. После такой застройки наступит транспортный коллапс и по головам жителей будут строить новые магистрали
159,"Полностью поддерживаю.<br />К сожалению, в  Москве  это происходит  везде.<br />Наглые и жадные  застройщики и их покровители в лице  городской  власти,  не успокоятся, пока всё не уничтожат  и превратят Москву в бетонные  джунгли.  Так  уничтожили  в Лосиноостровском  районе  старинный, с историей  ВОВ,  стадион  Красная стрела,  под застройку высотками.  Мнение  людей  им до лампочки,  что хотят,  то и творят, изверги.  "
160,Не позволим жуликам уродовать наш город.
161,Я против точечной застройки
162,"Я подписываю, потому что ранее проживала  по адресу Вересковая д. 1 Корп. 2, и моя дочь учится в школе N1138 рядом с местом застройки. "
163,Я против кражи собственности!!!! Собянина и ко в отставку. Отправлено разрушает город! Ухудшает условия жизни в районе! Нарушает Констиуцию РФ! 
164,Живу в доме по адресу Вересковая 1к1
165,"НЕ хочу, чтобы росло напряжение в Москве, и народ исполчался за свою землю: дворы, школы, сады, деревья. Хочу, чтобы права жителей НЕсносимых домов тоже соблюдались! Чтобы Все жители районов участвовали в градостроительной деятельности, как это предполагает законодательство!"
166,"Мне очень нравится район Свиблово, я не хочу, чтобы его портили"
167,Против каменных джунглей
168,"Дорогие, подпишите, пожалуйста, даже если это не повлияет на решение властей, люди будут знать, что они не одни против этого варварства"
169,"Это маленький сквер с молодыми деревцами, уютной площадкой. Летом легко дышится в тени.  Я живя на ул. Енисейской, имею возможность гулять с ребенком и на этой площадке. Совсем вплотную к участку детский сад,  новые высотные дома.  То что творится сейчас с точечной бомбежкой это дикость, страшный сон ! Так можно застраивать только в чистом поле. <br /> "
170,"Хочу, чтобы во дворе был двор с деревьями и детской площадкой, а не высотка."
171,Живу на Вересковой.
172,Детской площадке быть!
173,Нет точечной застройки!
174,В Москве и так не чем дышать! Сколько можно уничтожать город?! Уничтожают придомовые зоны и на них строят новые дома. Зачем? 
175,"Это похоже на экспроприацию. Прикрываясь законом о реновации, у нас отбирают придомовую территорию.  Наши силы неравные. На стороне власти - вся мощь государства: политические, финансовые и административные ресурсы. У нас - только помощь обычных граждан - тех, у кого нет особняков и зарубежной недвижимости. Для кого важны деревья во дворе, детская площадка и солнечный свет в окне."
176,Нет уплотнению застройки на Свиблово! 
177,"Уплотнительная застройка уже накрыла всю Москву и завтра может коснуться каждого района. Москвичи лишаются необходимого жизненного пространства - дворов, деревьев, детских площадок, парковок. Все это грозит ухудшением экологии, здоровья, ростом социального напряжения, нехваткой школ, поликлиник, дорог. Нужно остановить эту строительную вакханалию и оставить город Москвичам, а не застройщикам."
178,"Подписал Вашу петицию!!! Прошу Вас и читающих этот комментарий, подпишите и мою петицию, чтобы не гибли люди на воде (траулер «Восток», 20 погибших; теплоход «Булгария», 122 погибших) и в воздухе (Боинг-737 в Ростове-на-Дону, 62 погибших) и чтобы не случались банкротства компаний, как «Вим-Авиа» с 40 тыс. пострадавшими. Войдите в петицию: https://www.change.org/p/мантуров-денис-валентинович-минпромторг-рф-сбросить-бремя-субсидий-на-убыточность-по-топливу-новым-типом-судов-и-авиалайнеров"
179,"Хватит крушить то, что вы не создавали! Где выросло не одно поколение и были очень счастливы взрослые и дети в своих дворах! <br />До вас и вашего нашествия в виде сорончи выискивающей, где бы и что урвать получше. <br />Пошли прочь из Москвы, со своими реновациями, депортациями и жадностью наживы!"
180,Стройка уничтожит замечательный район...
181,"Когда же наконец прекратится уродование города точечными застройками, прикрываясь благими намерениями. <br />Вновь создаваемое ухудшает уже существующее и это в XXI веке.<br />Без всестороннего анализа принимаются решения, которые дискредитируют благое дело реновации. Предпроектное обследование ограничивается только технической частью, остальное игнорируется манипуляциями. <br />Такие действия ведут к разбазариванию народных средств сейчас и в дальнейшем, т.к. порождают в недалеком будущем проводить очередные мероприятия по сносу возводимых сегодняшних «творений», которые уже сегодня не отвечают элементарным требованиям и нормам проживания. <br />Ухудшение условий жизни при возведении точечных застроек всем очевидны, но продолжают проталкиваться. <br />Вместо того, чтобы решать существующие проблемы, их многократно приумножают. <br />Уже сейчас невозможно припарковать автомашину вблизи дома, приходится колесить по району и т.д. и т.п. И это, без дополнительной нагрузки планируемой точечной застройки."
182,"Согласен. Зачем убирать что-то нужное и полезное людям? Это просто бизнес, при котором об обычных жителях Москвы не думают((("
183,"Подписала. Помогите и нам набрать голоса! <br />Обманутые дольщики РФ должны получить свои квартиры благодаря реализации Федеральной программы<br />http://chng.it/JHqPLKYV <br />https://www.roi.ru/50427/ <br />Подписываем петиции сами, женами/мужьями, детьми и родителями, друзьями и знакомыми, распространяем в своих группах Вотсап, Телеграм, Вайбер и тд.<br /> Каждый голос важен для всех нас!"
184,"Хаотичная точечная застройка внутри сложившегося в течение десятилетий градостроительного и архитектурного облика московских районов в отсутствие опережающего роста объектов социальной инфраструктуры ведёт к острым социальным конфликтам как с властью, так и между различными группами жителей. И тот, кто проводит такую политику вредит общим государственным и общественным интересам."
185,"Доброго дня, Жители дома 1/1 по ул. Вересковой , у меня для вас предложение по продвижению вашей петиции, цена 1000 живых голосов на вашу петицию - 2700руб. <br />Если интересно пишите : <br />E-mail: vipsmm@yandex.ru<br />Телефон - Viber - Telegram - WhatsApp: +7 (966) 194-4429<br />Telegram - smmyotube"
186,"Я подписываюсь, поскольку такой точечной застройкой власти ущемляют права жильцов близрасположенных домов."
187,"нельзя улучшать условия одним, отнимая комфортное качество жизни для других. Не должны 10% жителей района ломать уклад остальным 90%"
188,"нельзя отнимать детскую площадку у жителей дома, нельзя на месте зеленого садика выстраивать высотки. "
189,"Я против уплотнительной точечной застройки, которая ущемляет права жителей соседних домов и ухудшает качество жизни!"
190,Ворам нечего делать в нашей стране 
191,"Проблема уплотнительной застройки уже накрыла всю Москву и завтра может коснуться каждого. Москвичи лишаются необходимого жизненного пространства-  дворов, деревьев, детских площадкок, парковок."
192,"Я против захвата дворов и придомовой территории, это земля принадлежит жителям жилых домов,  а не городу!  Нельзя так нагло и бессовестно творить произвол "
193,"Слуги народа плюют на народ, права которого обязаны защищать. Право на благоприятную среду обитания ими же и нарушается. Таким слугам ( т.н. Власти) верить нельзя !"
194," Господи, как остановить этих ненасытных воров?<br />Пусть у себя во дворах уплотняются!"
195,"Я хочу, чтобы мои дети и внуки  жили в комфортном городе, а не в каменных джунглях"
196,"Я подписываю эту петицию, потому, что современное градостроительство в Москве планомерно уродует город точечной застройкой микрорайонов. "
197,"Город забирает у нашего дома часть отмежеванной придомовой территории.<br />Правовой беспредел!<br />ДГП, ДГИ, МКА Фонд реновации - все &quot;переводят стрелки друг на друга&quot;, ни одного ответа по существу на многочисленные письма, запросы, жалобы.<br />Город не имеет права распоряжаться НАШЕЙ придомовой терриорией!"
198,Согласен с позицией соргаждан на все 100%
199,"Я подписываюсь, потому что против застройки Москвы во всех районах! Москва и так перенаселена, хватит строить! Город становится неппригодным для жизни! Дышать нечем!"
200,"Уплотнительная застройка уже накрыла всю Москву и завтра может коснуться каждого района. Москвичи лишаются необходимого жизненного пространства - дворов, деревьев, детских площадок, парковок. Все это грозит ухудшением экологии, здоровья, ростом социального напряжения, нехваткой школ, поликлиник, дорог.  Нужно остановить эту строительную вакханалию и оставить город Москвичам, а не застройщикам."
201,"Я тоже против такого бездумного благоустройства, в результате которого  в Москве пропадают виды животных и птиц, в частности - соловьи исчезают оттого, что расчищают все завалы веток на земле, в которых соловьи, как раз и гнездятся."
202,"Я подписываюсь,потому что хочу сохранить чудесный уголок живой природы в районе Свиблово,где я живу."
203,Прекратите уничтожать! Начните созидать уже!
204,"Это красивейший парк! СОБЯТЛЕР - ФАШИСТ!!! Враг всего естественного! Вот где настоящий экстремизм! При так называемых &quot;проклятых коммуняках&quot;. которым, по словам Талькова, золотые купола глаза слепили, парки жили, а нынешним благословенным храмовозрожденцам зелень мешает! Они понимают только всё искусственное! Искусственные газоны, забетоненные берега, убивающие всё живое! Я вне себя от ярости!!! Если и есть чему молиться Богу в этих возрождённых храмах, так это тому, чтобы Собятлер, насаждающий  искусственность и убивающий всё живое, горел в аду! "
205,"Что бы облагородить, не нужно вырубать. Вступайте наконец в диалог с людьми, власти. Вам возвратится это сторицей вкупе с уважением и благодарностью. "
206,"Мне дОроги зелёный оазис, чистый воздух и пение соловьев!!! "
207,"Природу люблю,видимо. "
208,"Интересно, а ещё остались в Москве парки, к которым #нашлюбимыймэр не тянется с топором?"
209,Скроро от нашей Москвы останется пустыня!
210,"Любимый район, один из самых зеленых, много вырубили зелени! Лучше бы осваивали промзоны, которые стоят в запустении! "
211,"Прекратите вырубку, примите меры! Прошу вас люди поддержать петицию и о моем сыне: https://www.change.org/p/%D0%B1%D0%B0%D1%81%D1%82%D1%80%D1%8B%D0%BA%D0%B8%D0%BD-%D0%B0%D0%BB%D0%B5%D0%BA%D1%81%D0%B0%D0%BD%D0%B4%D1%80-%D0%B8%D0%B2%D0%B0%D0%BD%D0%BE%D0%B2%D0%B8%D1%87-%D0%BF%D1%80%D0%B5%D0%B4%D1%81%D0%B5%D0%B4%D0%B0%D1%82%D0%B5%D0%BB%D1%8C-%D1%81%D0%BB%D0%B5%D0%B4%D1%81%D1%82%D0%B2%D0%B5%D0%BD%D0%BD%D0%BE%D0%B3%D0%BE-%D0%BA%D0%BE%D0%BC%D0%B8%D1%82%D0%B5%D1%82%D0%B0-%D1%80%D0%BE%D1%81%D1%81%D0%B8%D0%B9%D1%81%D0%BA%D0%BE%D0%B9-%D1%84%D0%B5%D0%B4%D0%B5%D1%80%D0%B0%D1%86%D0%B8%D0%B8-%D0%B3%D0%B5%D0%BD%D0%B5%D1%80%D0%B0%D0%BB-%D1%8E%D1%81%D1%82%D0%B8%D1%86-%D0%B2%D0%BE%D0%B7%D0%B1%D1%83%D0%B4%D0%B8%D1%82%D1%8C-%D1%83%D0%B3%D0%BE%D0%BB%D0%BE%D0%B2%D0%BD%D0%BE%D0%B5-%D0%B4%D0%B5%D0%BB%D0%BE-%D0%BF%D0%BE-%D1%84%D0%B0%D0%BA%D1%82%D1%83-%D0%B1<br />Для меня это важно! Не будьте равнодушны! Я в отчаяние!"
212,этот мэрин обещал прекратить строительство домов в городе и увеличить количество парков - оно и видно...
213,Я подписываюсь потому что не хочу чтобы уничтожили то что нас с детства радовало! Я с детства живу в этом районе! 
214,Спасите наш район!
215,"+1 Но уже писали. Петиции на Change.org не имеют никого значения в РФ и приравнены к иностранным агентам. Поправьте меня, если не прав."
216,"Ну почему всегда рушат то, что приносит радость и облегчает жизнь простому жителю? Господа чинуши, не можете найти себе более достойное применение?"
217,STOP NOW--Прекратить вырубку парка на Тенистом проезде у Яузы в районе Свиблово г. Москвы
218,Мне небезразлична судьба моей Москвы!
219,Против геноцида в Москве 
220,Прямо напротив нашего дома
221,"Я являюсь жителем района Свиблово, и мне также печально наблюдать, как уничтожают деревья. Жаль, что не согласовывают любые &quot;благоустойства&quot; с жителями района, поэтому подписываю петицию, т.к. также часто гуляю там с ребенком и нас все устраивает."
222,"Потому что хочу чтобы наш район оставался зеленым и всякие дегенераты - строительные компании, жилищники и прочие убийцы экологии города - были наказаны по всей строгости! и все проекты прекращены. В России больше строить негде? Собянин, враг жителей Москвы! "
223,"Нужно сохранять исторические места Москвы и поддерживать экологию, а не разрушать ее."
224,Getekend 
225,Сама живу в Свиблово и люблю свой парк! 
226,"в 2012 году Владимир Путин  сказал на встрече с вами, Сергей Семёнович: &quot;У нас ведь в центре Москвы за предыдущие десятилетия практически уничтожены все парковые объекты. Их практически нет&quot;, и вскоре было принято решение о строительстве парка &quot;Зарядье&quot;. Если президент озабочен уничтожением парковых зон, почему вы, мэр Москвы, так варварски уничтожаете зелёные лёгкие Москвы?  "
227,Это ПРАВДА!
228,Я и мой маленький сын постоянно проживаем в этом районе и нам и остальным жителям приятно дышать воздухом а не загазованностью! 
229,Настоящей зелени категорически не хватает моему городу. Алчущие любыми способами прибылей рвачи готовы вырубить все! Город превращается в каменный мешок!
230,"А так же необходимо спасти зелёные зоны района Свиблово, они все под угрозой: застройка в зоне природного комплекса ПК 95 и ПК 95а, ПК 99  будет уничтожен по плану ТПУ, <br />очистные сооружения в проекте по расширению Сельскохозяйственной изымают землю ПК95. Нельзя допустить, чтобы район лишился зелёных зон!"
231,"Хватит уничтожать Москву, варвары!"
232,"Считаю, что подобные проекты можно реализовывать только после проведения открытых общественных слушаний и учитывая пожелания и предложения всех заинтересованных сторон."
233,"Хочу внести дополнение в протест-  ТРЕБОВАТЬ ОТ МЭРА СОБЯНИНА - ОБСУЖДЕНИЯ ПРОЕКТОВ ПО ГЛОБАЛЬНЫМ ЗАСТРОЙКАМ ЗЕЛЕНЫХ ЗОН МОСКВЫ, ИМЕННО С МОСКВИЧАМИ И СПЕЦИАЛИСТАМИ!  Пока что, сначала рубят и уничтожают, а потом рассказывают как все &quot;хорошо&quot; . Прекратить  такую практику! "
234,Потому что я там живу.
235,"Не бюджеты надо осваивать , а быть Хозяином - т.е действовать ответсвенно, в соответсвии с законом ,  а руководствоваться только здравым смыслом и мнением жителей района. "
236,"Я подписываю потому что вижу, как повсюду в Москве &quot;прореживают&quot; зеленые насаждения. Так называемые проекты &quot;благоустройства и озеленения&quot; почему-то теперь обозначают большее количество вырубленных деревьев, чем посаженных."
237,Я против &quot;беспредела&quot;!
238,"Нельзя превращать наш город в каменные лабиринты!!! Каждый даже небольшой сквер, аллея, а тем более парк - это чистый воздух, птицы, мелкие зверьки, без которых Москва станет просто душным каменным мешком! Надо увеличивать, а не уменьшать зелёные зоны города!"
239,Просто уроды  эти чиновники при власти! Совсем обнаглели от безнаказанности за свои поступки..!!
240,Как такие решения могут производиться без обсуждения с жителями района? Для чего существуют сервисы такие как активный гражданин? Чтобы обсудить собирать ли листву в моем дворе? А о вырубке парка можно и не спрашивать? Абсурд. 
241,"Хочу сохранить экологию района. Здесь много птиц, есть соловьи, а с вырубкой деревьев будет нанесен огромный экологический ущерб не только району, но и городу."
242,"Люблю свой зелёный пока еще район, выступаю против &quot;облагораживания&quot;, проводимого варварским способом!"
243,"Если не остановить, наконец, это &quot;благоустройство&quot; - природы в Москве вообще не останется!  "
244,Это мой район и пусть он останется зеленым
245,"Подписал Вашу петицию!!! Прошу Вас и читающих этот комментарий, подпишите и мою петицию, чтобы не гибли люди на воде (траулер «Восток», 20 погибших; теплоход «Булгария», 122 погибших) и в воздухе (Боинг-737 в Ростове-на-Дону, 62 погибших) и чтобы не случались банкротства компаний, как «Вим-Авиа» с 40 тыс. пострадавшими. Войдите в петицию:  <br /> https://www.change.org/p/остановить-гибель-людей-и-банкротство-компаний-высокорентабельным-типом-судов-морречфлота-и-лайнеров-воздушного-флота."
246,"Здравствуйте, у меня для вас есть предложение по продвижению вашей петиции, цена 1000 живых голосов на вашу петицию = 2000руб.  если интересно пишите : Телефон - Viber - Telegram - WhatsApp: +79661944429"
247,А местных жителей кто-нибудь спросил? Им нужны все эти благоустройства? Нам нужен лес!!!
248,Зелёных зон и так в Москве с каждым годом всё меньше и меньше.!
249,"Полностью поддерживаю! Всегда нравилась эта часть парка за безлюдность! И что можно было себя почувствовать в настоящем лесу, что сейчас там происходит просто кошмар..."
250,"Собянин! Уберите руки от наших зеленых парков и рощ!!! Прекратите уничтожение мест отдыха людей! Вы не москвич! И никогда им не будете! Скоро Вы не будете мэром! И мы вернем себе и парки,и рощи , все что вы уничтожили!!!  "
